idna_subject,checker_type,destination,source,tested_at,session_id
0.r.msn.com,AVAILABILITY,domains.list,domains.list,2021-03-25 01:21:44.588344,f1087010551e84829d4ad095
0aaa.com,AVAILABILITY,domains.list,domains.list,2021-03-25 01:21:45.075215,f1087010551e84829d4ad095
0catch.com,AVAILABILITY,domains.list,domains.list,2021-03-25 01:21:45.570594,f1087010551e84829d4ad095
0cj.net,AVAILABILITY,domains.list,domains.list,2021-03-25 01:21:45.832805,f1087010551e84829d4ad095
0d7292.r.axf8.net,AVAILABILITY,domains.list,domains.list,2021-03-25 01:21:46.153940,f1087010551e84829d4ad095
0dax.com,AVAILABILITY,domains.list,domains.list,2021-03-25 01:21:46.419162,f1087010551e84829d4ad095
000dom.revenuedirect.com,AVAILABILITY,domains.list,domains.list,2021-03-25 01:21:46.778636,f1087010551e84829d4ad095
0f36f3.r.axf8.net,AVAILABILITY,domains.list,domains.list,2021-03-25 01:21:47.054672,f1087010551e84829d4ad095
00hq.com,AVAILABILITY,domains.list,domains.list,2021-03-25 01:21:47.318028,f1087010551e84829d4ad095
0iecfobt.com,AVAILABILITY,domains.list,domains.list,2021-03-25 01:21:47.573811,f1087010551e84829d4ad095
00inkjets.com,AVAILABILITY,domains.list,domains.list,2021-03-25 01:21:47.839894,f1087010551e84829d4ad095
0ki.ru,AVAILABILITY,domains.list,domains.list,2021-03-25 01:21:48.105267,f1087010551e84829d4ad095
0ml.net,AVAILABILITY,domains.list,domains.list,2021-03-25 01:21:48.361920,f1087010551e84829d4ad095
0nlyzoo.com,AVAILABILITY,domains.list,domains.list,2021-03-25 01:21:48.618797,f1087010551e84829d4ad095
0xsearch.com,AVAILABILITY,domains.list,domains.list,2021-03-25 01:21:48.883784,f1087010551e84829d4ad095
1.cataloc.msk.ru,AVAILABILITY,domains.list,domains.list,2021-03-25 01:21:49.911482,f1087010551e84829d4ad095
1.googlenews.xorg.pl,AVAILABILITY,domains.list,domains.list,2021-03-25 01:21:50.272324,f1087010551e84829d4ad095
1.hao929.cn,AVAILABILITY,domains.list,domains.list,2021-03-25 01:21:57.037205,f1087010551e84829d4ad095
1.im.cz,AVAILABILITY,domains.list,domains.list,2021-03-25 01:21:57.725741,f1087010551e84829d4ad095
01.sharedsource.org,AVAILABILITY,domains.list,domains.list,2021-03-25 01:21:58.001053,f1087010551e84829d4ad095
1au.cqcounter.com,AVAILABILITY,domains.list,domains.list,2021-03-25 01:21:58.574013,f1087010551e84829d4ad095
1autocity.com,AVAILABILITY,domains.list,domains.list,2021-03-25 01:21:58.834912,f1087010551e84829d4ad095
1bb261.r.axf8.net,AVAILABILITY,domains.list,domains.list,2021-03-25 01:21:59.094101,f1087010551e84829d4ad095
1bg.net,AVAILABILITY,domains.list,domains.list,2021-03-25 01:21:59.352204,f1087010551e84829d4ad095
1bm.cqcounter.com,AVAILABILITY,domains.list,domains.list,2021-03-25 01:22:00.038343,f1087010551e84829d4ad095
1bz.com,AVAILABILITY,domains.list,domains.list,2021-03-25 01:22:00.303944,f1087010551e84829d4ad095
1c6e2.v.fwmrm.net,AVAILABILITY,domains.list,domains.list,2021-03-25 01:22:00.588847,f1087010551e84829d4ad095
1ca.cqcounter.com,AVAILABILITY,domains.list,domains.list,2021-03-25 01:22:00.976795,f1087010551e84829d4ad095
1ce18.cash-ddt.net,AVAILABILITY,domains.list,domains.list,2021-03-25 01:22:01.610713,f1087010551e84829d4ad095
1clickspyclean.com,AVAILABILITY,domains.list,domains.list,2021-03-25 01:22:01.869564,f1087010551e84829d4ad095
1de.cqcounter.com,AVAILABILITY,domains.list,domains.list,2021-03-25 01:22:02.270607,f1087010551e84829d4ad095
1directory.ru,AVAILABILITY,domains.list,domains.list,2021-03-25 01:22:02.536455,f1087010551e84829d4ad095
1empiredirect.com,AVAILABILITY,domains.list,domains.list,2021-03-25 01:22:02.808630,f1087010551e84829d4ad095
1ere-position.com,AVAILABILITY,domains.list,domains.list,2021-03-25 01:22:03.067694,f1087010551e84829d4ad095
1es.cqcounter.com,AVAILABILITY,domains.list,domains.list,2021-03-25 01:22:03.585828,f1087010551e84829d4ad095
1fr.cqcounter.com,AVAILABILITY,domains.list,domains.list,2021-03-25 01:22:03.955070,f1087010551e84829d4ad095
1freecounter.com,AVAILABILITY,domains.list,domains.list,2021-03-25 01:22:04.224746,f1087010551e84829d4ad095
1gavcom.popunder.ru,AVAILABILITY,domains.list,domains.list,2021-03-25 01:22:04.818895,f1087010551e84829d4ad095
1in.cqcounter.com,AVAILABILITY,domains.list,domains.list,2021-03-25 01:22:05.361678,f1087010551e84829d4ad095
1it.cqcounter.com,AVAILABILITY,domains.list,domains.list,2021-03-25 01:22:05.783971,f1087010551e84829d4ad095
1jo.cqcounter.com,AVAILABILITY,domains.list,domains.list,2021-03-25 01:22:06.147254,f1087010551e84829d4ad095
1millionlotto.net,AVAILABILITY,domains.list,domains.list,2021-03-25 01:22:06.405050,f1087010551e84829d4ad095
1nl.cqcounter.com,AVAILABILITY,domains.list,domains.list,2021-03-25 01:22:06.828735,f1087010551e84829d4ad095
1on1tours.com,AVAILABILITY,domains.list,domains.list,2021-03-25 01:22:07.087694,f1087010551e84829d4ad095
1phads.com,AVAILABILITY,domains.list,domains.list,2021-03-25 01:22:07.346262,f1087010551e84829d4ad095
1pharma.net,AVAILABILITY,domains.list,domains.list,2021-03-25 01:22:07.602903,f1087010551e84829d4ad095
1pop.ru,AVAILABILITY,domains.list,domains.list,2021-03-25 01:22:07.861145,f1087010551e84829d4ad095
1pt.cqcounter.com,AVAILABILITY,domains.list,domains.list,2021-03-25 01:22:08.278156,f1087010551e84829d4ad095
1-se.com,AVAILABILITY,domains.list,domains.list,2021-03-25 01:22:08.547446,f1087010551e84829d4ad095
1se.cqcounter.com,AVAILABILITY,domains.list,domains.list,2021-03-25 01:22:08.967524,f1087010551e84829d4ad095
1second.com,AVAILABILITY,domains.list,domains.list,2021-03-25 01:22:09.235969,f1087010551e84829d4ad095
1sexsex.com,AVAILABILITY,domains.list,domains.list,2021-03-25 01:22:09.494770,f1087010551e84829d4ad095
1shoppingcart.com,AVAILABILITY,domains.list,domains.list,2021-03-25 01:22:09.751803,f1087010551e84829d4ad095
1si.cqcounter.com,AVAILABILITY,domains.list,domains.list,2021-03-25 01:22:10.112045,f1087010551e84829d4ad095
1src.us.intellitxt.com,AVAILABILITY,domains.list,domains.list,2021-03-25 01:22:10.455692,f1087010551e84829d4ad095
1stfind.com,AVAILABILITY,domains.list,domains.list,2021-03-25 01:22:10.714742,f1087010551e84829d4ad095
1st-fuss.com,AVAILABILITY,domains.list,domains.list,2021-03-25 01:22:10.973366,f1087010551e84829d4ad095
1stmovieclub.net,AVAILABILITY,domains.list,domains.list,2021-03-25 01:22:11.469491,f1087010551e84829d4ad095
1stpunch.com,AVAILABILITY,domains.list,domains.list,2021-03-25 01:22:11.725694,f1087010551e84829d4ad095
1stspywarekiller.com,AVAILABILITY,domains.list,domains.list,2021-03-25 01:22:11.985522,f1087010551e84829d4ad095
1teens.net,AVAILABILITY,domains.list,domains.list,2021-03-25 01:22:12.241733,f1087010551e84829d4ad095
1th.cqcounter.com,AVAILABILITY,domains.list,domains.list,2021-03-25 01:22:12.640113,f1087010551e84829d4ad095
1ticket.com,AVAILABILITY,domains.list,domains.list,2021-03-25 01:22:12.908037,f1087010551e84829d4ad095
1tr.cqcounter.com,AVAILABILITY,domains.list,domains.list,2021-03-25 01:22:13.323376,f1087010551e84829d4ad095
1trac.com,AVAILABILITY,domains.list,domains.list,2021-03-25 01:22:13.593259,f1087010551e84829d4ad095
1ua.cqcounter.com,AVAILABILITY,domains.list,domains.list,2021-03-25 01:22:14.270211,f1087010551e84829d4ad095
1uk.cqcounter.com,AVAILABILITY,domains.list,domains.list,2021-03-25 01:22:14.578130,f1087010551e84829d4ad095
1und1internetag.d3.sc.omtrdc.net,AVAILABILITY,domains.list,domains.list,2021-03-25 01:22:14.854305,f1087010551e84829d4ad095
1under.ru,AVAILABILITY,domains.list,domains.list,2021-03-25 01:22:15.126170,f1087010551e84829d4ad095
1up.us.intellitxt.com,AVAILABILITY,domains.list,domains.list,2021-03-25 01:22:15.393096,f1087010551e84829d4ad095
1us.cqcounter.com,AVAILABILITY,domains.list,domains.list,2021-03-25 01:22:15.805639,f1087010551e84829d4ad095
1worldmarket.com,AVAILABILITY,domains.list,domains.list,2021-03-25 01:22:16.072122,f1087010551e84829d4ad095
1xxx.cqcounter.com,AVAILABILITY,domains.list,domains.list,2021-03-25 01:22:16.408359,f1087010551e84829d4ad095
2.cataloc.msk.ru,AVAILABILITY,domains.list,domains.list,2021-03-25 01:22:17.726566,f1087010551e84829d4ad095
2.googlenews.xorg.pl,AVAILABILITY,domains.list,domains.list,2021-03-25 01:22:18.064451,f1087010551e84829d4ad095
2.livejasmin.com,AVAILABILITY,domains.list,domains.list,2021-03-25 01:22:18.511685,f1087010551e84829d4ad095
2.s09.flagcounter.com,AVAILABILITY,domains.list,domains.list,2021-03-25 01:22:18.857359,f1087010551e84829d4ad095
2ab7f.v.fwmrm.net,AVAILABILITY,domains.list,domains.list,2021-03-25 01:22:19.695999,f1087010551e84829d4ad095
2ad.de,AVAILABILITY,domains.list,domains.list,2021-03-25 01:22:20.469483,f1087010551e84829d4ad095
2asian.com,AVAILABILITY,domains.list,domains.list,2021-03-25 01:22:20.837273,f1087010551e84829d4ad095
2cool.qsrch.com,AVAILABILITY,domains.list,domains.list,2021-03-25 01:22:42.864194,f1087010551e84829d4ad095
2cpa.com,AVAILABILITY,domains.list,domains.list,2021-03-25 01:22:43.122971,f1087010551e84829d4ad095
2df7e.v.fwmrm.net,AVAILABILITY,domains.list,domains.list,2021-03-25 01:22:44.933043,f1087010551e84829d4ad095
2-easy.com,AVAILABILITY,domains.list,domains.list,2021-03-25 01:22:45.190975,f1087010551e84829d4ad095
2nd-thought.com,AVAILABILITY,domains.list,domains.list,2021-03-25 01:22:45.461633,f1087010551e84829d4ad095
2o7.com,AVAILABILITY,domains.list,domains.list,2021-03-25 01:22:45.719158,f1087010551e84829d4ad095
2o7.net,AVAILABILITY,domains.list,domains.list,2021-03-25 01:22:45.985108,f1087010551e84829d4ad095
2pills.com,AVAILABILITY,domains.list,domains.list,2021-03-25 01:22:46.245395,f1087010551e84829d4ad095
2searchsold.info,AVAILABILITY,domains.list,domains.list,2021-03-25 01:22:46.504604,f1087010551e84829d4ad095
2snaps.us.intellitxt.com,AVAILABILITY,domains.list,domains.list,2021-03-25 01:22:46.884774,f1087010551e84829d4ad095
2-spyware.com,AVAILABILITY,domains.list,domains.list,2021-03-25 01:22:47.141636,f1087010551e84829d4ad095
2spyware.us.intellitxt.com,AVAILABILITY,domains.list,domains.list,2021-03-25 01:22:47.528233,f1087010551e84829d4ad095
2squared.com,AVAILABILITY,domains.list,domains.list,2021-03-25 01:22:47.795512,f1087010551e84829d4ad095
2trades.com,AVAILABILITY,domains.list,domains.list,2021-03-25 01:22:48.061020,f1087010551e84829d4ad095
2younger.com,AVAILABILITY,domains.list,domains.list,2021-03-25 01:22:48.329913,f1087010551e84829d4ad095
3.googlenews.xorg.pl,AVAILABILITY,domains.list,domains.list,2021-03-25 01:22:48.875799,f1087010551e84829d4ad095
03.sharedsource.org,AVAILABILITY,domains.list,domains.list,2021-03-25 01:22:49.175776,f1087010551e84829d4ad095
3amcouk.skimlinks.com,AVAILABILITY,domains.list,domains.list,2021-03-25 01:22:49.655134,f1087010551e84829d4ad095
3animalsex.com,AVAILABILITY,domains.list,domains.list,2021-03-25 01:22:49.912800,f1087010551e84829d4ad095
3bb4f0.r.axf8.net,AVAILABILITY,domains.list,domains.list,2021-03-25 01:22:50.238116,f1087010551e84829d4ad095
3bsoftware.com,AVAILABILITY,domains.list,domains.list,2021-03-25 01:22:50.495294,f1087010551e84829d4ad095
3-day-diet.com,AVAILABILITY,domains.list,domains.list,2021-03-25 01:22:50.753934,f1087010551e84829d4ad095
3daytrial.com,AVAILABILITY,domains.list,domains.list,2021-03-25 01:22:51.017063,f1087010551e84829d4ad095
3deepspace.com,AVAILABILITY,domains.list,domains.list,2021-03-25 01:22:51.288575,f1087010551e84829d4ad095
3d-icons.com,AVAILABILITY,domains.list,domains.list,2021-03-25 01:22:51.558702,f1087010551e84829d4ad095
3dstate.com,AVAILABILITY,domains.list,domains.list,2021-03-25 01:22:51.817787,f1087010551e84829d4ad095
3dstats.com,AVAILABILITY,domains.list,domains.list,2021-03-25 01:22:52.079026,f1087010551e84829d4ad095
3gupload.112.2o7.net,AVAILABILITY,domains.list,domains.list,2021-03-25 01:22:52.349880,f1087010551e84829d4ad095
3w.nuggad.net,AVAILABILITY,domains.list,domains.list,2021-03-25 01:22:52.959995,f1087010551e84829d4ad095
3wregie.ezakus.net,AVAILABILITY,domains.list,domains.list,2021-03-25 01:22:53.475335,f1087010551e84829d4ad095
3xtraffic.com,AVAILABILITY,domains.list,domains.list,2021-03-25 01:22:53.734859,f1087010551e84829d4ad095
4.afs.googleadservices.com,AVAILABILITY,domains.list,domains.list,2021-03-25 01:22:54.076088,f1087010551e84829d4ad095
4.getredirect.com,AVAILABILITY,domains.list,domains.list,2021-03-25 01:22:54.365129,f1087010551e84829d4ad095
4.googlenews.xorg.pl,AVAILABILITY,domains.list,domains.list,2021-03-25 01:22:54.872441,f1087010551e84829d4ad095
4affiliate.net,AVAILABILITY,domains.list,domains.list,2021-03-25 01:22:55.129942,f1087010551e84829d4ad095
4everyone.com,AVAILABILITY,domains.list,domains.list,2021-03-25 01:22:55.624240,f1087010551e84829d4ad095
4freetraffic.com,AVAILABILITY,domains.list,domains.list,2021-03-25 01:22:55.881820,f1087010551e84829d4ad095
4netmedia.com,AVAILABILITY,domains.list,domains.list,2021-03-25 01:22:56.141741,f1087010551e84829d4ad095
4pokertips.com,AVAILABILITY,domains.list,domains.list,2021-03-25 01:22:56.411752,f1087010551e84829d4ad095
4qinvite.4q.iperceptions.com,AVAILABILITY,domains.list,domains.list,2021-03-25 01:22:56.801359,f1087010551e84829d4ad095
4thegame.uk.intellitxt.com,AVAILABILITY,domains.list,domains.list,2021-03-25 01:22:57.209661,f1087010551e84829d4ad095
4ur.click,AVAILABILITY,domains.list,domains.list,2021-03-25 01:22:57.470934,f1087010551e84829d4ad095
4-v.net,AVAILABILITY,domains.list,domains.list,2021-03-25 01:22:57.731585,f1087010551e84829d4ad095
4wav.com,AVAILABILITY,domains.list,domains.list,2021-03-25 01:22:57.988860,f1087010551e84829d4ad095
4web.cz,AVAILABILITY,domains.list,domains.list,2021-03-25 01:22:58.257564,f1087010551e84829d4ad095
4wheeldrives.com,AVAILABILITY,domains.list,domains.list,2021-03-25 01:22:58.515023,f1087010551e84829d4ad095
4-wheelers.com,AVAILABILITY,domains.list,domains.list,2021-03-25 01:22:58.784478,f1087010551e84829d4ad095
4wmp.nuggad.net,AVAILABILITY,domains.list,domains.list,2021-03-25 01:22:59.221591,f1087010551e84829d4ad095
4w-wrestling.us.intellitxt.com,AVAILABILITY,domains.list,domains.list,2021-03-25 01:22:59.545800,f1087010551e84829d4ad095
4x4review.us.intellitxt.com,AVAILABILITY,domains.list,domains.list,2021-03-25 01:22:59.858818,f1087010551e84829d4ad095
005.free-counter.co.uk,AVAILABILITY,domains.list,domains.list,2021-03-25 01:23:00.136259,f1087010551e84829d4ad095
5.googlenews.xorg.pl,AVAILABILITY,domains.list,domains.list,2021-03-25 01:23:00.768159,f1087010551e84829d4ad095
05.sharedsource.org,AVAILABILITY,domains.list,domains.list,2021-03-25 01:23:01.063960,f1087010551e84829d4ad095
5advertise.com,AVAILABILITY,domains.list,domains.list,2021-03-25 01:23:01.329907,f1087010551e84829d4ad095
5b008e.r.axf8.net,AVAILABILITY,domains.list,domains.list,2021-03-25 01:23:01.600597,f1087010551e84829d4ad095
5bde1.v.fwmrm.net,AVAILABILITY,domains.list,domains.list,2021-03-25 01:23:02.188772,f1087010551e84829d4ad095
5d4a1.v.fwmrm.net,AVAILABILITY,domains.list,domains.list,2021-03-25 01:23:03.586061,f1087010551e84829d4ad095
5d406.v.fwmrm.net,AVAILABILITY,domains.list,domains.list,2021-03-25 01:23:04.023791,f1087010551e84829d4ad095
5ebec5.r.axf8.net,AVAILABILITY,domains.list,domains.list,2021-03-25 01:23:04.537947,f1087010551e84829d4ad095
5ex.com,AVAILABILITY,domains.list,domains.list,2021-03-25 01:23:04.799652,f1087010551e84829d4ad095
05p.com,AVAILABILITY,domains.list,domains.list,2021-03-25 01:23:05.066335,f1087010551e84829d4ad095
5sec.info,AVAILABILITY,domains.list,domains.list,2021-03-25 01:23:05.326926,f1087010551e84829d4ad095
5staraffiliateprograms.com,AVAILABILITY,domains.list,domains.list,2021-03-25 01:23:05.585364,f1087010551e84829d4ad095
5starsupport.us.intellitxt.com,AVAILABILITY,domains.list,domains.list,2021-03-25 01:23:06.051922,f1087010551e84829d4ad095
5starvideos.com,AVAILABILITY,domains.list,domains.list,2021-03-25 01:23:06.312341,f1087010551e84829d4ad095
006.free-counter.co.uk,AVAILABILITY,domains.list,domains.list,2021-03-25 01:23:06.621279,f1087010551e84829d4ad095
6dayauction.com,AVAILABILITY,domains.list,domains.list,2021-03-25 01:23:06.889157,f1087010551e84829d4ad095
6e2f1d2ae033.com,AVAILABILITY,domains.list,domains.list,2021-03-25 01:23:07.160162,f1087010551e84829d4ad095
6-forum.de,AVAILABILITY,domains.list,domains.list,2021-03-25 01:23:07.751790,f1087010551e84829d4ad095
6netave.com,AVAILABILITY,domains.list,domains.list,2021-03-25 01:23:08.013560,f1087010551e84829d4ad095
6o9.com,AVAILABILITY,domains.list,domains.list,2021-03-25 01:23:08.284090,f1087010551e84829d4ad095
007.free-counter.co.uk,AVAILABILITY,domains.list,domains.list,2021-03-25 01:23:08.935846,f1087010551e84829d4ad095
7adpower.com,AVAILABILITY,domains.list,domains.list,2021-03-25 01:23:09.198238,f1087010551e84829d4ad095
7art-screensavers.com,AVAILABILITY,domains.list,domains.list,2021-03-25 01:23:09.461138,f1087010551e84829d4ad095
7days.ws,AVAILABILITY,domains.list,domains.list,2021-03-25 01:23:09.951421,f1087010551e84829d4ad095
7host.com,AVAILABILITY,domains.list,domains.list,2021-03-25 01:23:10.219942,f1087010551e84829d4ad095
7meta.com,AVAILABILITY,domains.list,domains.list,2021-03-25 01:23:10.477480,f1087010551e84829d4ad095
7metasearch.com,AVAILABILITY,domains.list,domains.list,2021-03-25 01:23:10.738165,f1087010551e84829d4ad095
7oo.meibu.com,AVAILABILITY,domains.list,domains.list,2021-03-25 01:23:11.699108,f1087010551e84829d4ad095
7search.com,AVAILABILITY,domains.list,domains.list,2021-03-25 01:23:11.990882,f1087010551e84829d4ad095
7shark.com,AVAILABILITY,domains.list,domains.list,2021-03-25 01:23:12.483501,f1087010551e84829d4ad095
7sultans.com,AVAILABILITY,domains.list,domains.list,2021-03-25 01:23:12.978372,f1087010551e84829d4ad095
7vws1j1j.com,AVAILABILITY,domains.list,domains.list,2021-03-25 01:23:13.240413,f1087010551e84829d4ad095
7y7.us,AVAILABILITY,domains.list,domains.list,2021-03-25 01:23:13.514993,f1087010551e84829d4ad095
08.185.87.0.liveadvert.com,AVAILABILITY,domains.list,domains.list,2021-03-25 01:23:13.805712,f1087010551e84829d4ad095
08.185.87.00.liveadvert.com,AVAILABILITY,domains.list,domains.list,2021-03-25 01:23:14.500225,f1087010551e84829d4ad095
08.185.87.1.liveadvert.com,AVAILABILITY,domains.list,domains.list,2021-03-25 01:23:14.786702,f1087010551e84829d4ad095
08.185.87.01.liveadvert.com,AVAILABILITY,domains.list,domains.list,2021-03-25 01:23:15.319064,f1087010551e84829d4ad095
08.185.87.02.liveadvert.com,AVAILABILITY,domains.list,domains.list,2021-03-25 01:23:15.595602,f1087010551e84829d4ad095
08.185.87.3.liveadvert.com,AVAILABILITY,domains.list,domains.list,2021-03-25 01:23:16.044114,f1087010551e84829d4ad095
08.185.87.03.liveadvert.com,AVAILABILITY,domains.list,domains.list,2021-03-25 01:23:16.468015,f1087010551e84829d4ad095
08.185.87.04.liveadvert.com,AVAILABILITY,domains.list,domains.list,2021-03-25 01:23:17.320053,f1087010551e84829d4ad095
08.185.87.4.liveadvert.com,AVAILABILITY,domains.list,domains.list,2021-03-25 01:23:17.860677,f1087010551e84829d4ad095
08.185.87.5.liveadvert.com,AVAILABILITY,domains.list,domains.list,2021-03-25 01:23:19.034950,f1087010551e84829d4ad095
08.185.87.05.liveadvert.com,AVAILABILITY,domains.list,domains.list,2021-03-25 01:23:20.091560,f1087010551e84829d4ad095
08.185.87.6.liveadvert.com,AVAILABILITY,domains.list,domains.list,2021-03-25 01:23:21.329625,f1087010551e84829d4ad095
08.185.87.06.liveadvert.com,AVAILABILITY,domains.list,domains.list,2021-03-25 01:23:22.796113,f1087010551e84829d4ad095
08.185.87.07.liveadvert.com,AVAILABILITY,domains.list,domains.list,2021-03-25 01:23:23.353580,f1087010551e84829d4ad095
08.185.87.7.liveadvert.com,AVAILABILITY,domains.list,domains.list,2021-03-25 01:23:23.752983,f1087010551e84829d4ad095
08.185.87.8.liveadvert.com,AVAILABILITY,domains.list,domains.list,2021-03-25 01:23:24.429261,f1087010551e84829d4ad095
08.185.87.08.liveadvert.com,AVAILABILITY,domains.list,domains.list,2021-03-25 01:23:24.806536,f1087010551e84829d4ad095
08.185.87.09.liveadvert.com,AVAILABILITY,domains.list,domains.list,2021-03-25 01:23:25.590056,f1087010551e84829d4ad095
08.185.87.9.liveadvert.com,AVAILABILITY,domains.list,domains.list,2021-03-25 01:23:25.931230,f1087010551e84829d4ad095
08.185.87.10.liveadvert.com,AVAILABILITY,domains.list,domains.list,2021-03-25 01:23:26.326224,f1087010551e84829d4ad095
08.185.87.11.liveadvert.com,AVAILABILITY,domains.list,domains.list,2021-03-25 01:23:26.939046,f1087010551e84829d4ad095
08.185.87.13.liveadvert.com,AVAILABILITY,domains.list,domains.list,2021-03-25 01:23:27.533604,f1087010551e84829d4ad095
08.185.87.14.liveadvert.com,AVAILABILITY,domains.list,domains.list,2021-03-25 01:23:28.130598,f1087010551e84829d4ad095
08.185.87.15.liveadvert.com,AVAILABILITY,domains.list,domains.list,2021-03-25 01:23:28.688559,f1087010551e84829d4ad095
08.185.87.16.liveadvert.com,AVAILABILITY,domains.list,domains.list,2021-03-25 01:23:29.108747,f1087010551e84829d4ad095
08.185.87.17.liveadvert.com,AVAILABILITY,domains.list,domains.list,2021-03-25 01:23:29.546981,f1087010551e84829d4ad095
08.185.87.18.liveadvert.com,AVAILABILITY,domains.list,domains.list,2021-03-25 01:23:30.610528,f1087010551e84829d4ad095
08.185.87.19.liveadvert.com,AVAILABILITY,domains.list,domains.list,2021-03-25 01:23:30.965554,f1087010551e84829d4ad095
08.185.87.30.liveadvert.com,AVAILABILITY,domains.list,domains.list,2021-03-25 01:23:31.416117,f1087010551e84829d4ad095
08.185.87.31.liveadvert.com,AVAILABILITY,domains.list,domains.list,2021-03-25 01:23:31.954524,f1087010551e84829d4ad095
08.185.87.33.liveadvert.com,AVAILABILITY,domains.list,domains.list,2021-03-25 01:23:32.844095,f1087010551e84829d4ad095
08.185.87.34.liveadvert.com,AVAILABILITY,domains.list,domains.list,2021-03-25 01:23:33.186796,f1087010551e84829d4ad095
08.185.87.35.liveadvert.com,AVAILABILITY,domains.list,domains.list,2021-03-25 01:23:33.461327,f1087010551e84829d4ad095
08.185.87.36.liveadvert.com,AVAILABILITY,domains.list,domains.list,2021-03-25 01:23:33.898517,f1087010551e84829d4ad095
08.185.87.37.liveadvert.com,AVAILABILITY,domains.list,domains.list,2021-03-25 01:23:34.860205,f1087010551e84829d4ad095
08.185.87.38.liveadvert.com,AVAILABILITY,domains.list,domains.list,2021-03-25 01:23:35.757167,f1087010551e84829d4ad095
08.185.87.39.liveadvert.com,AVAILABILITY,domains.list,domains.list,2021-03-25 01:23:36.130171,f1087010551e84829d4ad095
08.185.87.40.liveadvert.com,AVAILABILITY,domains.list,domains.list,2021-03-25 01:23:37.019093,f1087010551e84829d4ad095
08.185.87.41.liveadvert.com,AVAILABILITY,domains.list,domains.list,2021-03-25 01:23:37.654967,f1087010551e84829d4ad095
08.185.87.43.liveadvert.com,AVAILABILITY,domains.list,domains.list,2021-03-25 01:23:37.936688,f1087010551e84829d4ad095
08.185.87.44.liveadvert.com,AVAILABILITY,domains.list,domains.list,2021-03-25 01:23:38.329743,f1087010551e84829d4ad095
08.185.87.45.liveadvert.com,AVAILABILITY,domains.list,domains.list,2021-03-25 01:23:39.255436,f1087010551e84829d4ad095
08.185.87.46.liveadvert.com,AVAILABILITY,domains.list,domains.list,2021-03-25 01:23:39.595829,f1087010551e84829d4ad095
08.185.87.47.liveadvert.com,AVAILABILITY,domains.list,domains.list,2021-03-25 01:23:39.905831,f1087010551e84829d4ad095
08.185.87.48.liveadvert.com,AVAILABILITY,domains.list,domains.list,2021-03-25 01:23:40.351847,f1087010551e84829d4ad095
08.185.87.49.liveadvert.com,AVAILABILITY,domains.list,domains.list,2021-03-25 01:23:41.358549,f1087010551e84829d4ad095
08.185.87.50.liveadvert.com,AVAILABILITY,domains.list,domains.list,2021-03-25 01:23:41.639222,f1087010551e84829d4ad095
08.185.87.51.liveadvert.com,AVAILABILITY,domains.list,domains.list,2021-03-25 01:23:42.717515,f1087010551e84829d4ad095
08.185.87.53.liveadvert.com,AVAILABILITY,domains.list,domains.list,2021-03-25 01:23:43.637287,f1087010551e84829d4ad095
08.185.87.54.liveadvert.com,AVAILABILITY,domains.list,domains.list,2021-03-25 01:23:44.107944,f1087010551e84829d4ad095
08.185.87.55.liveadvert.com,AVAILABILITY,domains.list,domains.list,2021-03-25 01:23:45.035891,f1087010551e84829d4ad095
08.185.87.56.liveadvert.com,AVAILABILITY,domains.list,domains.list,2021-03-25 01:23:45.612303,f1087010551e84829d4ad095
08.185.87.57.liveadvert.com,AVAILABILITY,domains.list,domains.list,2021-03-25 01:23:46.538670,f1087010551e84829d4ad095
08.185.87.58.liveadvert.com,AVAILABILITY,domains.list,domains.list,2021-03-25 01:23:46.815752,f1087010551e84829d4ad095
08.185.87.59.liveadvert.com,AVAILABILITY,domains.list,domains.list,2021-03-25 01:23:47.327053,f1087010551e84829d4ad095
08.185.87.60.liveadvert.com,AVAILABILITY,domains.list,domains.list,2021-03-25 01:23:47.740272,f1087010551e84829d4ad095
08.185.87.61.liveadvert.com,AVAILABILITY,domains.list,domains.list,2021-03-25 01:23:48.389127,f1087010551e84829d4ad095
08.185.87.63.liveadvert.com,AVAILABILITY,domains.list,domains.list,2021-03-25 01:23:49.034228,f1087010551e84829d4ad095
08.185.87.64.liveadvert.com,AVAILABILITY,domains.list,domains.list,2021-03-25 01:23:49.446766,f1087010551e84829d4ad095
08.185.87.65.liveadvert.com,AVAILABILITY,domains.list,domains.list,2021-03-25 01:23:49.981372,f1087010551e84829d4ad095
08.185.87.66.liveadvert.com,AVAILABILITY,domains.list,domains.list,2021-03-25 01:23:50.310268,f1087010551e84829d4ad095
08.185.87.67.liveadvert.com,AVAILABILITY,domains.list,domains.list,2021-03-25 01:23:50.635118,f1087010551e84829d4ad095
08.185.87.68.liveadvert.com,AVAILABILITY,domains.list,domains.list,2021-03-25 01:23:50.908093,f1087010551e84829d4ad095
08.185.87.69.liveadvert.com,AVAILABILITY,domains.list,domains.list,2021-03-25 01:23:51.180489,f1087010551e84829d4ad095
08.185.87.70.liveadvert.com,AVAILABILITY,domains.list,domains.list,2021-03-25 01:23:52.195453,f1087010551e84829d4ad095
08.185.87.71.liveadvert.com,AVAILABILITY,domains.list,domains.list,2021-03-25 01:23:52.493982,f1087010551e84829d4ad095
08.185.87.73.liveadvert.com,AVAILABILITY,domains.list,domains.list,2021-03-25 01:23:53.405022,f1087010551e84829d4ad095
08.185.87.74.liveadvert.com,AVAILABILITY,domains.list,domains.list,2021-03-25 01:23:53.739732,f1087010551e84829d4ad095
08.185.87.75.liveadvert.com,AVAILABILITY,domains.list,domains.list,2021-03-25 01:23:54.067578,f1087010551e84829d4ad095
08.185.87.76.liveadvert.com,AVAILABILITY,domains.list,domains.list,2021-03-25 01:23:55.141681,f1087010551e84829d4ad095
08.185.87.77.liveadvert.com,AVAILABILITY,domains.list,domains.list,2021-03-25 01:23:56.123243,f1087010551e84829d4ad095
08.185.87.78.liveadvert.com,AVAILABILITY,domains.list,domains.list,2021-03-25 01:23:56.394053,f1087010551e84829d4ad095
08.185.87.79.liveadvert.com,AVAILABILITY,domains.list,domains.list,2021-03-25 01:23:57.264753,f1087010551e84829d4ad095
08.185.87.80.liveadvert.com,AVAILABILITY,domains.list,domains.list,2021-03-25 01:23:57.566714,f1087010551e84829d4ad095
08.185.87.81.liveadvert.com,AVAILABILITY,domains.list,domains.list,2021-03-25 01:23:57.899216,f1087010551e84829d4ad095
08.185.87.83.liveadvert.com,AVAILABILITY,domains.list,domains.list,2021-03-25 01:23:58.211301,f1087010551e84829d4ad095
08.185.87.84.liveadvert.com,AVAILABILITY,domains.list,domains.list,2021-03-25 01:23:58.559757,f1087010551e84829d4ad095
08.185.87.85.liveadvert.com,AVAILABILITY,domains.list,domains.list,2021-03-25 01:23:59.646628,f1087010551e84829d4ad095
08.185.87.86.liveadvert.com,AVAILABILITY,domains.list,domains.list,2021-03-25 01:24:00.519333,f1087010551e84829d4ad095
08.185.87.87.liveadvert.com,AVAILABILITY,domains.list,domains.list,2021-03-25 01:24:01.609648,f1087010551e84829d4ad095
08.185.87.88.liveadvert.com,AVAILABILITY,domains.list,domains.list,2021-03-25 01:24:01.936636,f1087010551e84829d4ad095
08.185.87.89.liveadvert.com,AVAILABILITY,domains.list,domains.list,2021-03-25 01:24:02.249951,f1087010551e84829d4ad095
08.185.87.90.liveadvert.com,AVAILABILITY,domains.list,domains.list,2021-03-25 01:24:02.592600,f1087010551e84829d4ad095
08.185.87.91.liveadvert.com,AVAILABILITY,domains.list,domains.list,2021-03-25 01:24:03.121172,f1087010551e84829d4ad095
08.185.87.93.liveadvert.com,AVAILABILITY,domains.list,domains.list,2021-03-25 01:24:03.395379,f1087010551e84829d4ad095
08.185.87.94.liveadvert.com,AVAILABILITY,domains.list,domains.list,2021-03-25 01:24:03.805965,f1087010551e84829d4ad095
08.185.87.95.liveadvert.com,AVAILABILITY,domains.list,domains.list,2021-03-25 01:24:04.159099,f1087010551e84829d4ad095
08.185.87.96.liveadvert.com,AVAILABILITY,domains.list,domains.list,2021-03-25 01:24:04.510115,f1087010551e84829d4ad095
08.185.87.97.liveadvert.com,AVAILABILITY,domains.list,domains.list,2021-03-25 01:24:04.858863,f1087010551e84829d4ad095
08.185.87.98.liveadvert.com,AVAILABILITY,domains.list,domains.list,2021-03-25 01:24:05.214527,f1087010551e84829d4ad095
08.185.87.99.liveadvert.com,AVAILABILITY,domains.list,domains.list,2021-03-25 01:24:06.132996,f1087010551e84829d4ad095
08.185.87.100.liveadvert.com,AVAILABILITY,domains.list,domains.list,2021-03-25 01:24:06.413669,f1087010551e84829d4ad095
08.185.87.101.liveadvert.com,AVAILABILITY,domains.list,domains.list,2021-03-25 01:24:06.739203,f1087010551e84829d4ad095
08.185.87.103.liveadvert.com,AVAILABILITY,domains.list,domains.list,2021-03-25 01:24:07.013017,f1087010551e84829d4ad095
08.185.87.104.liveadvert.com,AVAILABILITY,domains.list,domains.list,2021-03-25 01:24:08.055648,f1087010551e84829d4ad095
08.185.87.105.liveadvert.com,AVAILABILITY,domains.list,domains.list,2021-03-25 01:24:08.925109,f1087010551e84829d4ad095
08.185.87.106.liveadvert.com,AVAILABILITY,domains.list,domains.list,2021-03-25 01:24:09.975745,f1087010551e84829d4ad095
08.185.87.107.liveadvert.com,AVAILABILITY,domains.list,domains.list,2021-03-25 01:24:10.255003,f1087010551e84829d4ad095
08.185.87.108.liveadvert.com,AVAILABILITY,domains.list,domains.list,2021-03-25 01:24:10.741954,f1087010551e84829d4ad095
08.185.87.109.liveadvert.com,AVAILABILITY,domains.list,domains.list,2021-03-25 01:24:11.158937,f1087010551e84829d4ad095
08.185.87.110.liveadvert.com,AVAILABILITY,domains.list,domains.list,2021-03-25 01:24:11.523809,f1087010551e84829d4ad095
08.185.87.111.liveadvert.com,AVAILABILITY,domains.list,domains.list,2021-03-25 01:24:12.555206,f1087010551e84829d4ad095
08.185.87.113.liveadvert.com,AVAILABILITY,domains.list,domains.list,2021-03-25 01:24:12.845909,f1087010551e84829d4ad095
08.185.87.114.liveadvert.com,AVAILABILITY,domains.list,domains.list,2021-03-25 01:24:13.382264,f1087010551e84829d4ad095
08.185.87.115.liveadvert.com,AVAILABILITY,domains.list,domains.list,2021-03-25 01:24:13.697299,f1087010551e84829d4ad095
08.185.87.116.liveadvert.com,AVAILABILITY,domains.list,domains.list,2021-03-25 01:24:14.576731,f1087010551e84829d4ad095
08.185.87.117.liveadvert.com,AVAILABILITY,domains.list,domains.list,2021-03-25 01:24:14.913023,f1087010551e84829d4ad095
08.185.87.118.liveadvert.com,AVAILABILITY,domains.list,domains.list,2021-03-25 01:24:15.277394,f1087010551e84829d4ad095
08.185.87.119.liveadvert.com,AVAILABILITY,domains.list,domains.list,2021-03-25 01:24:15.559082,f1087010551e84829d4ad095
08.185.87.130.liveadvert.com,AVAILABILITY,domains.list,domains.list,2021-03-25 01:24:15.910818,f1087010551e84829d4ad095
08.185.87.131.liveadvert.com,AVAILABILITY,domains.list,domains.list,2021-03-25 01:24:16.203356,f1087010551e84829d4ad095
08.185.87.133.liveadvert.com,AVAILABILITY,domains.list,domains.list,2021-03-25 01:24:16.786694,f1087010551e84829d4ad095
08.185.87.134.liveadvert.com,AVAILABILITY,domains.list,domains.list,2021-03-25 01:24:17.076592,f1087010551e84829d4ad095
08.185.87.135.liveadvert.com,AVAILABILITY,domains.list,domains.list,2021-03-25 01:24:17.598379,f1087010551e84829d4ad095
08.185.87.136.liveadvert.com,AVAILABILITY,domains.list,domains.list,2021-03-25 01:24:17.981183,f1087010551e84829d4ad095
08.185.87.137.liveadvert.com,AVAILABILITY,domains.list,domains.list,2021-03-25 01:24:18.320568,f1087010551e84829d4ad095
08.185.87.138.liveadvert.com,AVAILABILITY,domains.list,domains.list,2021-03-25 01:24:18.772349,f1087010551e84829d4ad095
08.185.87.139.liveadvert.com,AVAILABILITY,domains.list,domains.list,2021-03-25 01:24:19.736185,f1087010551e84829d4ad095
08.185.87.140.liveadvert.com,AVAILABILITY,domains.list,domains.list,2021-03-25 01:24:20.177928,f1087010551e84829d4ad095
08.185.87.141.liveadvert.com,AVAILABILITY,domains.list,domains.list,2021-03-25 01:24:20.522852,f1087010551e84829d4ad095
08.185.87.143.liveadvert.com,AVAILABILITY,domains.list,domains.list,2021-03-25 01:24:21.029864,f1087010551e84829d4ad095
08.185.87.144.liveadvert.com,AVAILABILITY,domains.list,domains.list,2021-03-25 01:24:21.328919,f1087010551e84829d4ad095
08.185.87.145.liveadvert.com,AVAILABILITY,domains.list,domains.list,2021-03-25 01:24:21.699641,f1087010551e84829d4ad095
08.185.87.146.liveadvert.com,AVAILABILITY,domains.list,domains.list,2021-03-25 01:24:22.274084,f1087010551e84829d4ad095
08.185.87.147.liveadvert.com,AVAILABILITY,domains.list,domains.list,2021-03-25 01:24:23.243321,f1087010551e84829d4ad095
08.185.87.148.liveadvert.com,AVAILABILITY,domains.list,domains.list,2021-03-25 01:24:23.693331,f1087010551e84829d4ad095
08.185.87.149.liveadvert.com,AVAILABILITY,domains.list,domains.list,2021-03-25 01:24:24.729650,f1087010551e84829d4ad095
08.185.87.150.liveadvert.com,AVAILABILITY,domains.list,domains.list,2021-03-25 01:24:25.233507,f1087010551e84829d4ad095
08.185.87.151.liveadvert.com,AVAILABILITY,domains.list,domains.list,2021-03-25 01:24:25.647292,f1087010551e84829d4ad095
08.185.87.153.liveadvert.com,AVAILABILITY,domains.list,domains.list,2021-03-25 01:24:26.954210,f1087010551e84829d4ad095
08.185.87.154.liveadvert.com,AVAILABILITY,domains.list,domains.list,2021-03-25 01:24:27.402243,f1087010551e84829d4ad095
08.185.87.155.liveadvert.com,AVAILABILITY,domains.list,domains.list,2021-03-25 01:24:27.739340,f1087010551e84829d4ad095
08.185.87.156.liveadvert.com,AVAILABILITY,domains.list,domains.list,2021-03-25 01:24:28.424104,f1087010551e84829d4ad095
08.185.87.157.liveadvert.com,AVAILABILITY,domains.list,domains.list,2021-03-25 01:24:29.488626,f1087010551e84829d4ad095
08.185.87.158.liveadvert.com,AVAILABILITY,domains.list,domains.list,2021-03-25 01:24:29.817130,f1087010551e84829d4ad095
08.185.87.159.liveadvert.com,AVAILABILITY,domains.list,domains.list,2021-03-25 01:24:30.479247,f1087010551e84829d4ad095
08.185.87.160.liveadvert.com,AVAILABILITY,domains.list,domains.list,2021-03-25 01:24:30.809054,f1087010551e84829d4ad095
08.185.87.161.liveadvert.com,AVAILABILITY,domains.list,domains.list,2021-03-25 01:24:31.151093,f1087010551e84829d4ad095
08.185.87.163.liveadvert.com,AVAILABILITY,domains.list,domains.list,2021-03-25 01:24:31.504156,f1087010551e84829d4ad095
08.185.87.164.liveadvert.com,AVAILABILITY,domains.list,domains.list,2021-03-25 01:24:31.837686,f1087010551e84829d4ad095
08.185.87.165.liveadvert.com,AVAILABILITY,domains.list,domains.list,2021-03-25 01:24:32.172311,f1087010551e84829d4ad095
08.185.87.166.liveadvert.com,AVAILABILITY,domains.list,domains.list,2021-03-25 01:24:32.753874,f1087010551e84829d4ad095
08.185.87.167.liveadvert.com,AVAILABILITY,domains.list,domains.list,2021-03-25 01:24:33.040510,f1087010551e84829d4ad095
08.185.87.168.liveadvert.com,AVAILABILITY,domains.list,domains.list,2021-03-25 01:24:33.436598,f1087010551e84829d4ad095
08.185.87.169.liveadvert.com,AVAILABILITY,domains.list,domains.list,2021-03-25 01:24:33.718699,f1087010551e84829d4ad095
08.185.87.170.liveadvert.com,AVAILABILITY,domains.list,domains.list,2021-03-25 01:24:34.042146,f1087010551e84829d4ad095
08.185.87.171.liveadvert.com,AVAILABILITY,domains.list,domains.list,2021-03-25 01:24:35.171721,f1087010551e84829d4ad095
08.185.87.173.liveadvert.com,AVAILABILITY,domains.list,domains.list,2021-03-25 01:24:35.523452,f1087010551e84829d4ad095
08.185.87.174.liveadvert.com,AVAILABILITY,domains.list,domains.list,2021-03-25 01:24:36.903058,f1087010551e84829d4ad095
08.185.87.175.liveadvert.com,AVAILABILITY,domains.list,domains.list,2021-03-25 01:24:37.280335,f1087010551e84829d4ad095
08.185.87.176.liveadvert.com,AVAILABILITY,domains.list,domains.list,2021-03-25 01:24:37.623694,f1087010551e84829d4ad095
08.185.87.177.liveadvert.com,AVAILABILITY,domains.list,domains.list,2021-03-25 01:24:38.184346,f1087010551e84829d4ad095
08.185.87.178.liveadvert.com,AVAILABILITY,domains.list,domains.list,2021-03-25 01:24:38.896338,f1087010551e84829d4ad095
08.185.87.179.liveadvert.com,AVAILABILITY,domains.list,domains.list,2021-03-25 01:24:39.476038,f1087010551e84829d4ad095
08.185.87.180.liveadvert.com,AVAILABILITY,domains.list,domains.list,2021-03-25 01:24:39.764310,f1087010551e84829d4ad095
08.185.87.181.liveadvert.com,AVAILABILITY,domains.list,domains.list,2021-03-25 01:24:40.108531,f1087010551e84829d4ad095
08.185.87.183.liveadvert.com,AVAILABILITY,domains.list,domains.list,2021-03-25 01:24:40.549073,f1087010551e84829d4ad095
08.185.87.184.liveadvert.com,AVAILABILITY,domains.list,domains.list,2021-03-25 01:24:41.535937,f1087010551e84829d4ad095
08.185.87.185.liveadvert.com,AVAILABILITY,domains.list,domains.list,2021-03-25 01:24:41.917097,f1087010551e84829d4ad095
08.185.87.186.liveadvert.com,AVAILABILITY,domains.list,domains.list,2021-03-25 01:24:43.113637,f1087010551e84829d4ad095
08.185.87.187.liveadvert.com,AVAILABILITY,domains.list,domains.list,2021-03-25 01:24:43.950551,f1087010551e84829d4ad095
08.185.87.188.liveadvert.com,AVAILABILITY,domains.list,domains.list,2021-03-25 01:24:44.504014,f1087010551e84829d4ad095
08.185.87.189.liveadvert.com,AVAILABILITY,domains.list,domains.list,2021-03-25 01:24:44.818638,f1087010551e84829d4ad095
08.185.87.190.liveadvert.com,AVAILABILITY,domains.list,domains.list,2021-03-25 01:24:45.226875,f1087010551e84829d4ad095
08.185.87.191.liveadvert.com,AVAILABILITY,domains.list,domains.list,2021-03-25 01:24:45.543232,f1087010551e84829d4ad095
08.185.87.193.liveadvert.com,AVAILABILITY,domains.list,domains.list,2021-03-25 01:24:45.906799,f1087010551e84829d4ad095
08.185.87.194.liveadvert.com,AVAILABILITY,domains.list,domains.list,2021-03-25 01:24:46.270414,f1087010551e84829d4ad095
08.185.87.195.liveadvert.com,AVAILABILITY,domains.list,domains.list,2021-03-25 01:24:46.731602,f1087010551e84829d4ad095
08.185.87.196.liveadvert.com,AVAILABILITY,domains.list,domains.list,2021-03-25 01:24:47.017242,f1087010551e84829d4ad095
08.185.87.197.liveadvert.com,AVAILABILITY,domains.list,domains.list,2021-03-25 01:24:47.359199,f1087010551e84829d4ad095
08.185.87.198.liveadvert.com,AVAILABILITY,domains.list,domains.list,2021-03-25 01:24:47.731100,f1087010551e84829d4ad095
08.185.87.199.liveadvert.com,AVAILABILITY,domains.list,domains.list,2021-03-25 01:24:48.690139,f1087010551e84829d4ad095
008.free-counter.co.uk,AVAILABILITY,domains.list,domains.list,2021-03-25 01:24:49.083430,f1087010551e84829d4ad095
008.free-counters.co.uk,AVAILABILITY,domains.list,domains.list,2021-03-25 01:24:54.644842,f1087010551e84829d4ad095
8ad.com,AVAILABILITY,domains.list,domains.list,2021-03-25 01:24:54.907443,f1087010551e84829d4ad095
8b3439.r.axf8.net,AVAILABILITY,domains.list,domains.list,2021-03-25 01:24:55.225283,f1087010551e84829d4ad095
8cb8a3.r.axf8.net,AVAILABILITY,domains.list,domains.list,2021-03-25 01:24:55.546987,f1087010551e84829d4ad095
8d6274.r.axf8.net,AVAILABILITY,domains.list,domains.list,2021-03-25 01:24:55.881348,f1087010551e84829d4ad095
8d6274.t.axf8.net,AVAILABILITY,domains.list,domains.list,2021-03-25 01:24:56.216113,f1087010551e84829d4ad095
008k.com,AVAILABILITY,domains.list,domains.list,2021-03-25 01:24:56.476595,f1087010551e84829d4ad095
8nude.com,AVAILABILITY,domains.list,domains.list,2021-03-25 01:24:56.748803,f1087010551e84829d4ad095
09.sharedsource.org,AVAILABILITY,domains.list,domains.list,2021-03-25 01:24:57.022603,f1087010551e84829d4ad095
9d060c.r.axf8.net,AVAILABILITY,domains.list,domains.list,2021-03-25 01:24:57.294484,f1087010551e84829d4ad095
9dacbd.r.axf8.net,AVAILABILITY,domains.list,domains.list,2021-03-25 01:24:57.570232,f1087010551e84829d4ad095
9down.us.intellitxt.com,AVAILABILITY,domains.list,domains.list,2021-03-25 01:24:58.267737,f1087010551e84829d4ad095
9fingers.com,AVAILABILITY,domains.list,domains.list,2021-03-25 01:24:58.541141,f1087010551e84829d4ad095
10.6.87.194.dynamic.dol.ru,AVAILABILITY,domains.list,domains.list,2021-03-25 01:24:59.566267,f1087010551e84829d4ad095
10best.us.intellitxt.com,AVAILABILITY,domains.list,domains.list,2021-03-25 01:24:59.930181,f1087010551e84829d4ad095
10-million-hits.com,AVAILABILITY,domains.list,domains.list,2021-03-25 01:25:00.428303,f1087010551e84829d4ad095
10xhellometro.112.2o7.net,AVAILABILITY,domains.list,domains.list,2021-03-25 01:25:00.698971,f1087010551e84829d4ad095
11.rtcode.com,AVAILABILITY,domains.list,domains.list,2021-03-25 01:25:01.058930,f1087010551e84829d4ad095
11.rtstats.com,AVAILABILITY,domains.list,domains.list,2021-03-25 01:25:01.377690,f1087010551e84829d4ad095
1-1ads.com,AVAILABILITY,domains.list,domains.list,2021-03-25 01:25:01.642795,f1087010551e84829d4ad095
11alivenews.com,AVAILABILITY,domains.list,domains.list,2021-03-25 01:25:01.905618,f1087010551e84829d4ad095
11qe.com,AVAILABILITY,domains.list,domains.list,2021-03-25 01:25:02.170107,f1087010551e84829d4ad095
1-2-free.com,AVAILABILITY,domains.list,domains.list,2021-03-25 01:25:02.444734,f1087010551e84829d4ad095
15minadlt.hit.gemius.pl,AVAILABILITY,domains.list,domains.list,2021-03-25 01:25:03.040577,f1087010551e84829d4ad095
15x.net,AVAILABILITY,domains.list,domains.list,2021-03-25 01:25:03.303610,f1087010551e84829d4ad095
17.sharedsource.org,AVAILABILITY,domains.list,domains.list,2021-03-25 01:25:03.616107,f1087010551e84829d4ad095
17money.com,AVAILABILITY,domains.list,domains.list,2021-03-25 01:25:03.877032,f1087010551e84829d4ad095
18.sharedsource.org,AVAILABILITY,domains.list,domains.list,2021-03-25 01:25:04.188053,f1087010551e84829d4ad095
18access.com,AVAILABILITY,domains.list,domains.list,2021-03-25 01:25:04.449677,f1087010551e84829d4ad095
18dmm.com,AVAILABILITY,domains.list,domains.list,2021-03-25 01:25:04.712675,f1087010551e84829d4ad095
19.sharedsource.org,AVAILABILITY,domains.list,domains.list,2021-03-25 01:25:04.981185,f1087010551e84829d4ad095
20.sharedsource.org,AVAILABILITY,domains.list,domains.list,2021-03-25 01:25:05.293259,f1087010551e84829d4ad095
20forfree.com,AVAILABILITY,domains.list,domains.list,2021-03-25 01:25:05.793959,f1087010551e84829d4ad095
22.sharedsource.org,AVAILABILITY,domains.list,domains.list,2021-03-25 01:25:06.310971,f1087010551e84829d4ad095
24counter.com,AVAILABILITY,domains.list,domains.list,2021-03-25 01:25:06.574756,f1087010551e84829d4ad095
24m.nuggad.net,AVAILABILITY,domains.list,domains.list,2021-03-25 01:25:06.928543,f1087010551e84829d4ad095
24pmad.com,AVAILABILITY,domains.list,domains.list,2021-03-25 01:25:07.192108,f1087010551e84829d4ad095
24pm-affiliation.com,AVAILABILITY,domains.list,domains.list,2021-03-25 01:25:07.457331,f1087010551e84829d4ad095
24start.com,AVAILABILITY,domains.list,domains.list,2021-03-25 01:25:07.719899,f1087010551e84829d4ad095
24web.nl,AVAILABILITY,domains.list,domains.list,2021-03-25 01:25:08.688649,f1087010551e84829d4ad095
24wrestling.us.intellitxt.com,AVAILABILITY,domains.list,domains.list,2021-03-25 01:25:08.993079,f1087010551e84829d4ad095
24x7live.net,AVAILABILITY,domains.list,domains.list,2021-03-25 01:25:09.257402,f1087010551e84829d4ad095
27x.com,AVAILABILITY,domains.list,domains.list,2021-03-25 01:25:09.522316,f1087010551e84829d4ad095
30x.org,AVAILABILITY,domains.list,domains.list,2021-03-25 01:25:10.037137,f1087010551e84829d4ad095
33across-d.openx.net,AVAILABILITY,domains.list,domains.list,2021-03-25 01:25:10.625947,f1087010551e84829d4ad095
34j.com,AVAILABILITY,domains.list,domains.list,2021-03-25 01:25:10.890324,f1087010551e84829d4ad095
36site.com,AVAILABILITY,domains.list,domains.list,2021-03-25 01:25:11.159525,f1087010551e84829d4ad095
39broadway.com,AVAILABILITY,domains.list,domains.list,2021-03-25 01:25:11.421614,f1087010551e84829d4ad095
40best.com,AVAILABILITY,domains.list,domains.list,2021-03-25 01:25:11.687673,f1087010551e84829d4ad095
40ch.com,AVAILABILITY,domains.list,domains.list,2021-03-25 01:25:11.953808,f1087010551e84829d4ad095
40debts.org,AVAILABILITY,domains.list,domains.list,2021-03-25 01:25:12.217502,f1087010551e84829d4ad095
41m.com,AVAILABILITY,domains.list,domains.list,2021-03-25 01:25:12.482211,f1087010551e84829d4ad095
44wallstreet.com,AVAILABILITY,domains.list,domains.list,2021-03-25 01:25:12.755269,f1087010551e84829d4ad095
50.6.87.194.dynamic.dol.ru,AVAILABILITY,domains.list,domains.list,2021-03-25 01:25:16.709437,f1087010551e84829d4ad095
50cents.com,AVAILABILITY,domains.list,domains.list,2021-03-25 01:25:16.978863,f1087010551e84829d4ad095
50websads.com,AVAILABILITY,domains.list,domains.list,2021-03-25 01:25:17.485560,f1087010551e84829d4ad095
51af72.r.axf8.net,AVAILABILITY,domains.list,domains.list,2021-03-25 01:25:17.765338,f1087010551e84829d4ad095
60pictures.com,AVAILABILITY,domains.list,domains.list,2021-03-25 01:25:18.031414,f1087010551e84829d4ad095
63mx.com,AVAILABILITY,domains.list,domains.list,2021-03-25 01:25:18.296769,f1087010551e84829d4ad095
064bdf.r.axf8.net,AVAILABILITY,domains.list,domains.list,2021-03-25 01:25:18.575995,f1087010551e84829d4ad095
66.6.87.194.dynamic.dol.ru,AVAILABILITY,domains.list,domains.list,2021-03-25 01:25:19.929089,f1087010551e84829d4ad095
070.us,AVAILABILITY,domains.list,domains.list,2021-03-25 01:25:20.193995,f1087010551e84829d4ad095
71i.nuggad.net,AVAILABILITY,domains.list,domains.list,2021-03-25 01:25:21.065460,f1087010551e84829d4ad095
72d329.r.axf8.net,AVAILABILITY,domains.list,domains.list,2021-03-25 01:25:21.332100,f1087010551e84829d4ad095
75tz.com,AVAILABILITY,domains.list,domains.list,2021-03-25 01:25:21.594552,f1087010551e84829d4ad095
077.us,AVAILABILITY,domains.list,domains.list,2021-03-25 01:25:21.866552,f1087010551e84829d4ad095
77search.com,AVAILABILITY,domains.list,domains.list,2021-03-25 01:25:22.137693,f1087010551e84829d4ad095
77tracking.com,AVAILABILITY,domains.list,domains.list,2021-03-25 01:25:22.410010,f1087010551e84829d4ad095
80gw6ry3i3x3qbrkwhxhw.032439.com,AVAILABILITY,domains.list,domains.list,2021-03-25 01:25:22.719278,f1087010551e84829d4ad095
90pictures.com,AVAILABILITY,domains.list,domains.list,2021-03-25 01:25:23.221206,f1087010551e84829d4ad095
90plan.ovh.net,AVAILABILITY,domains.list,domains.list,2021-03-25 01:25:23.735909,f1087010551e84829d4ad095
94uyvwwh.com,AVAILABILITY,domains.list,domains.list,2021-03-25 01:25:24.238296,f1087010551e84829d4ad095
98kiss.com,AVAILABILITY,domains.list,domains.list,2021-03-25 01:25:24.502560,f1087010551e84829d4ad095
99bb.com,AVAILABILITY,domains.list,domains.list,2021-03-25 01:25:24.764525,f1087010551e84829d4ad095
99fh.com,AVAILABILITY,domains.list,domains.list,2021-03-25 01:25:25.037079,f1087010551e84829d4ad095
99livecam.com,AVAILABILITY,domains.list,domains.list,2021-03-25 01:25:25.300995,f1087010551e84829d4ad095
99stats.com,AVAILABILITY,domains.list,domains.list,2021-03-25 01:25:25.564393,f1087010551e84829d4ad095
99x.com,AVAILABILITY,domains.list,domains.list,2021-03-25 01:25:25.827935,f1087010551e84829d4ad095
100free.com,AVAILABILITY,domains.list,domains.list,2021-03-25 01:25:26.100719,f1087010551e84829d4ad095
100free.nl,AVAILABILITY,domains.list,domains.list,2021-03-25 01:25:27.087999,f1087010551e84829d4ad095
100tosdefotos.com,AVAILABILITY,domains.list,domains.list,2021-03-25 01:25:27.365286,f1087010551e84829d4ad095
100webads.com,AVAILABILITY,domains.list,domains.list,2021-03-25 01:25:27.632584,f1087010551e84829d4ad095
101lottery.com,AVAILABILITY,domains.list,domains.list,2021-03-25 01:25:27.904814,f1087010551e84829d4ad095
101malls.com,AVAILABILITY,domains.list,domains.list,2021-03-25 01:25:28.167997,f1087010551e84829d4ad095
101order.com,AVAILABILITY,domains.list,domains.list,2021-03-25 01:25:28.432186,f1087010551e84829d4ad095
101-website-traffic.com,AVAILABILITY,domains.list,domains.list,2021-03-25 01:25:28.694855,f1087010551e84829d4ad095
102.112.2o7.net,AVAILABILITY,domains.list,domains.list,2021-03-25 01:25:28.959371,f1087010551e84829d4ad095
102.112.207.net,AVAILABILITY,domains.list,domains.list,2021-03-25 01:25:29.235087,f1087010551e84829d4ad095
102.122.2o7.net,AVAILABILITY,domains.list,domains.list,2021-03-25 01:25:29.507245,f1087010551e84829d4ad095
103bees.com,AVAILABILITY,domains.list,domains.list,2021-03-25 01:25:29.769674,f1087010551e84829d4ad095
111.girlspark.net,AVAILABILITY,domains.list,domains.list,2021-03-25 01:25:38.333181,f1087010551e84829d4ad095
117.mylongtail.com,AVAILABILITY,domains.list,domains.list,2021-03-25 01:25:38.631091,f1087010551e84829d4ad095
122.2o7.net,AVAILABILITY,domains.list,domains.list,2021-03-25 01:25:38.896986,f1087010551e84829d4ad095
123.fluxads.com,AVAILABILITY,domains.list,domains.list,2021-03-25 01:25:39.250480,f1087010551e84829d4ad095
123ads.nl,AVAILABILITY,domains.list,domains.list,2021-03-25 01:25:40.107890,f1087010551e84829d4ad095
123adult.com,AVAILABILITY,domains.list,domains.list,2021-03-25 01:25:40.381230,f1087010551e84829d4ad095
123banners.com,AVAILABILITY,domains.list,domains.list,2021-03-25 01:25:40.884630,f1087010551e84829d4ad095
123count.com,AVAILABILITY,domains.list,domains.list,2021-03-25 01:25:41.151352,f1087010551e84829d4ad095
123counter.mycomputer.com,AVAILABILITY,domains.list,domains.list,2021-03-25 01:25:41.435966,f1087010551e84829d4ad095
123counter.superstats.com,AVAILABILITY,domains.list,domains.list,2021-03-25 01:25:41.730645,f1087010551e84829d4ad095
123counts.com,AVAILABILITY,domains.list,domains.list,2021-03-25 01:25:41.996396,f1087010551e84829d4ad095
123found.com,AVAILABILITY,domains.list,domains.list,2021-03-25 01:25:42.259702,f1087010551e84829d4ad095
123go.net,AVAILABILITY,domains.list,domains.list,2021-03-25 01:25:42.523570,f1087010551e84829d4ad095
123invention.com,AVAILABILITY,domains.list,domains.list,2021-03-25 01:25:42.787461,f1087010551e84829d4ad095
123keno.com,AVAILABILITY,domains.list,domains.list,2021-03-25 01:25:43.050789,f1087010551e84829d4ad095
123mania.com,AVAILABILITY,domains.list,domains.list,2021-03-25 01:25:43.326163,f1087010551e84829d4ad095
123search.com,AVAILABILITY,domains.list,domains.list,2021-03-25 01:25:43.837957,f1087010551e84829d4ad095
123stat.com,AVAILABILITY,domains.list,domains.list,2021-03-25 01:25:44.103740,f1087010551e84829d4ad095
123ticket.com,AVAILABILITY,domains.list,domains.list,2021-03-25 01:25:44.376155,f1087010551e84829d4ad095
123-tracker.com,AVAILABILITY,domains.list,domains.list,2021-03-25 01:25:44.640774,f1087010551e84829d4ad095
123webmarketing.com,AVAILABILITY,domains.list,domains.list,2021-03-25 01:25:44.913881,f1087010551e84829d4ad095
126.com,AVAILABILITY,domains.list,domains.list,2021-03-25 01:25:45.177316,f1087010551e84829d4ad095
a01.korrelate.net,AVAILABILITY,domains.list,domains.list,2021-03-25 01:25:45.971773,f1087010551e84829d4ad095
a1.vdna-assets.com,AVAILABILITY,domains.list,domains.list,2021-03-25 01:25:46.328513,f1087010551e84829d4ad095
a1.x-traceur.com,AVAILABILITY,domains.list,domains.list,2021-03-25 01:25:46.878056,f1087010551e84829d4ad095
a1-bulkemailhost.com,AVAILABILITY,domains.list,domains.list,2021-03-25 01:25:47.152337,f1087010551e84829d4ad095
a1finder.com,AVAILABILITY,domains.list,domains.list,2021-03-25 01:25:47.416347,f1087010551e84829d4ad095
a1health.com,AVAILABILITY,domains.list,domains.list,2021-03-25 01:25:47.680316,f1087010551e84829d4ad095
a2.adform.net,AVAILABILITY,domains.list,domains.list,2021-03-25 01:25:47.988956,f1087010551e84829d4ad095
a02.korrelate.net,AVAILABILITY,domains.list,domains.list,2021-03-25 01:25:48.852279,f1087010551e84829d4ad095
a2pub.com,AVAILABILITY,domains.list,domains.list,2021-03-25 01:25:49.127110,f1087010551e84829d4ad095
a2zlinks.com,AVAILABILITY,domains.list,domains.list,2021-03-25 01:25:49.393224,f1087010551e84829d4ad095
a3.adzs.nl,AVAILABILITY,domains.list,domains.list,2021-03-25 01:25:49.932514,f1087010551e84829d4ad095
a3.suntimes.com,AVAILABILITY,domains.list,domains.list,2021-03-25 01:25:51.731533,f1087010551e84829d4ad095
a3.websitealive.com,AVAILABILITY,domains.list,domains.list,2021-03-25 01:25:52.005547,f1087010551e84829d4ad095
a3.x-traceur.com,AVAILABILITY,domains.list,domains.list,2021-03-25 01:25:53.195969,f1087010551e84829d4ad095
a4.adzs.nl,AVAILABILITY,domains.list,domains.list,2021-03-25 01:25:53.484057,f1087010551e84829d4ad095
a4p.adpartner.pro,AVAILABILITY,domains.list,domains.list,2021-03-25 01:25:53.830244,f1087010551e84829d4ad095
a4p.net,AVAILABILITY,domains.list,domains.list,2021-03-25 01:25:54.102832,f1087010551e84829d4ad095
a7p7.com,AVAILABILITY,domains.list,domains.list,2021-03-25 01:25:54.446988,f1087010551e84829d4ad095
a10.reflexcash.com,AVAILABILITY,domains.list,domains.list,2021-03-25 01:25:55.170844,f1087010551e84829d4ad095
a12.x-traceur.com,AVAILABILITY,domains.list,domains.list,2021-03-25 01:25:55.515474,f1087010551e84829d4ad095
a14k.com,AVAILABILITY,domains.list,domains.list,2021-03-25 01:25:55.788774,f1087010551e84829d4ad095
a18.x-traceur.com,AVAILABILITY,domains.list,domains.list,2021-03-25 01:25:56.226822,f1087010551e84829d4ad095
a20.x-traceur.com,AVAILABILITY,domains.list,domains.list,2021-03-25 01:25:56.661021,f1087010551e84829d4ad095
a76.p.f.qz3.net,AVAILABILITY,domains.list,domains.list,2021-03-25 01:25:58.221528,f1087010551e84829d4ad095
a207.p.f.qz3.net,AVAILABILITY,domains.list,domains.list,2021-03-25 01:25:58.774572,f1087010551e84829d4ad095
a407.casalemedia.com,AVAILABILITY,domains.list,domains.list,2021-03-25 01:25:59.642737,f1087010551e84829d4ad095
a777.org,AVAILABILITY,domains.list,domains.list,2021-03-25 01:25:59.907660,f1087010551e84829d4ad095
a1589.casalemedia.com,AVAILABILITY,domains.list,domains.list,2021-03-25 01:26:00.175485,f1087010551e84829d4ad095
a1653.casalemedia.com,AVAILABILITY,domains.list,domains.list,2021-03-25 01:26:00.610725,f1087010551e84829d4ad095
a1664.casalemedia.com,AVAILABILITY,domains.list,domains.list,2021-03-25 01:26:00.889575,f1087010551e84829d4ad095
a1681.casalemedia.com,AVAILABILITY,domains.list,domains.list,2021-03-25 01:26:01.176822,f1087010551e84829d4ad095
a.1nimo.com,AVAILABILITY,domains.list,domains.list,2021-03-25 01:26:02.224134,f1087010551e84829d4ad095
a.abnad.net,AVAILABILITY,domains.list,domains.list,2021-03-25 01:26:02.991117,f1087010551e84829d4ad095
a.abv.bg,AVAILABILITY,domains.list,domains.list,2021-03-25 01:26:03.646096,f1087010551e84829d4ad095
a.adnium.com,AVAILABILITY,domains.list,domains.list,2021-03-25 01:26:04.182427,f1087010551e84829d4ad095
a.adorika.net,AVAILABILITY,domains.list,domains.list,2021-03-25 01:26:04.520363,f1087010551e84829d4ad095
a.adready.com,AVAILABILITY,domains.list,domains.list,2021-03-25 01:26:04.914905,f1087010551e84829d4ad095
a.adroll.com,AVAILABILITY,domains.list,domains.list,2021-03-25 01:26:05.434365,f1087010551e84829d4ad095
a.ads1.msads.net,AVAILABILITY,domains.list,domains.list,2021-03-25 01:26:05.765397,f1087010551e84829d4ad095
a.ads1.msn.com,AVAILABILITY,domains.list,domains.list,2021-03-25 01:26:06.197700,f1087010551e84829d4ad095
a.ads2.msads.net,AVAILABILITY,domains.list,domains.list,2021-03-25 01:26:06.583898,f1087010551e84829d4ad095
a.ads2.msn.com,AVAILABILITY,domains.list,domains.list,2021-03-25 01:26:06.976703,f1087010551e84829d4ad095
a.adtpix.com,AVAILABILITY,domains.list,domains.list,2021-03-25 01:26:07.544076,f1087010551e84829d4ad095
a.adultentertainmentexpo.com,AVAILABILITY,domains.list,domains.list,2021-03-25 01:26:07.860523,f1087010551e84829d4ad095
a.beliefnet.com,AVAILABILITY,domains.list,domains.list,2021-03-25 01:26:08.382292,f1087010551e84829d4ad095
a.bestmanage.org,AVAILABILITY,domains.list,domains.list,2021-03-25 01:26:08.805159,f1087010551e84829d4ad095
a.bf-ad.net,AVAILABILITY,domains.list,domains.list,2021-03-25 01:26:09.433573,f1087010551e84829d4ad095
a.centrum.cz,AVAILABILITY,domains.list,domains.list,2021-03-25 01:26:09.981046,f1087010551e84829d4ad095
a.computerbuyer.co.uk,AVAILABILITY,domains.list,domains.list,2021-03-25 01:26:10.764243,f1087010551e84829d4ad095
a.current.tv,AVAILABILITY,domains.list,domains.list,2021-03-25 01:26:11.119959,f1087010551e84829d4ad095
a.doginhispen.com,AVAILABILITY,domains.list,domains.list,2021-03-25 01:26:11.413455,f1087010551e84829d4ad095
a.dpmsrv.com,AVAILABILITY,domains.list,domains.list,2021-03-25 01:26:12.056092,f1087010551e84829d4ad095
a.faireagle.com,AVAILABILITY,domains.list,domains.list,2021-03-25 01:26:12.443668,f1087010551e84829d4ad095
a.farlex.com,AVAILABILITY,domains.list,domains.list,2021-03-25 01:26:12.872575,f1087010551e84829d4ad095
a.findarticles.com,AVAILABILITY,domains.list,domains.list,2021-03-25 01:26:13.251962,f1087010551e84829d4ad095
a.fox.com,AVAILABILITY,domains.list,domains.list,2021-03-25 01:26:13.555777,f1087010551e84829d4ad095
a.gaytube.com,AVAILABILITY,domains.list,domains.list,2021-03-25 01:26:14.355760,f1087010551e84829d4ad095
a.giantrealm.com,AVAILABILITY,domains.list,domains.list,2021-03-25 01:26:14.659231,f1087010551e84829d4ad095
a.global.msads.net,AVAILABILITY,domains.list,domains.list,2021-03-25 01:26:15.111328,f1087010551e84829d4ad095
a.goember.com,AVAILABILITY,domains.list,domains.list,2021-03-25 01:26:15.440050,f1087010551e84829d4ad095
a.gohip.com,AVAILABILITY,domains.list,domains.list,2021-03-25 01:26:15.927774,f1087010551e84829d4ad095
a.gsmarena.com,AVAILABILITY,domains.list,domains.list,2021-03-25 01:26:16.467914,f1087010551e84829d4ad095
a.heavy-r.com,AVAILABILITY,domains.list,domains.list,2021-03-25 01:26:16.743262,f1087010551e84829d4ad095
a.hqtms.com,AVAILABILITY,domains.list,domains.list,2021-03-25 01:26:17.021321,f1087010551e84829d4ad095
a.hspvst.com,AVAILABILITY,domains.list,domains.list,2021-03-25 01:26:17.479123,f1087010551e84829d4ad095
a.huluad.com,AVAILABILITY,domains.list,domains.list,2021-03-25 01:26:17.904007,f1087010551e84829d4ad095
a.idio.co,AVAILABILITY,domains.list,domains.list,2021-03-25 01:26:18.207498,f1087010551e84829d4ad095
a.kickass.to,AVAILABILITY,domains.list,domains.list,2021-03-25 01:26:19.360730,f1087010551e84829d4ad095
a.kickassunblock.net,AVAILABILITY,domains.list,domains.list,2021-03-25 01:26:19.723525,f1087010551e84829d4ad095
a.kik.bg,AVAILABILITY,domains.list,domains.list,2021-03-25 01:26:20.361421,f1087010551e84829d4ad095
a.klaviyo.com,AVAILABILITY,domains.list,domains.list,2021-03-25 01:26:20.768338,f1087010551e84829d4ad095
a.lakequincy.com,AVAILABILITY,domains.list,domains.list,2021-03-25 01:26:21.423842,f1087010551e84829d4ad095
a.ligatus.com,AVAILABILITY,domains.list,domains.list,2021-03-25 01:26:21.724789,f1087010551e84829d4ad095
a.livesportmedia.eu,AVAILABILITY,domains.list,domains.list,2021-03-25 01:26:23.763904,f1087010551e84829d4ad095
a.lvt.ru,AVAILABILITY,domains.list,domains.list,2021-03-25 01:26:24.388454,f1087010551e84829d4ad095
a.marketgid.com,AVAILABILITY,domains.list,domains.list,2021-03-25 01:26:24.754083,f1087010551e84829d4ad095
a.medialytics.com,AVAILABILITY,domains.list,domains.list,2021-03-25 01:26:25.107235,f1087010551e84829d4ad095
a.mgid.com,AVAILABILITY,domains.list,domains.list,2021-03-25 01:26:25.396351,f1087010551e84829d4ad095
a.mktw.net,AVAILABILITY,domains.list,domains.list,2021-03-25 01:26:25.896548,f1087010551e84829d4ad095
a.mobify.com,AVAILABILITY,domains.list,domains.list,2021-03-25 01:26:26.191754,f1087010551e84829d4ad095
a.mobile.toboads.com,AVAILABILITY,domains.list,domains.list,2021-03-25 01:26:26.709540,f1087010551e84829d4ad095
a.moitepari.bg,AVAILABILITY,domains.list,domains.list,2021-03-25 01:26:27.635092,f1087010551e84829d4ad095
a.monetate.net,AVAILABILITY,domains.list,domains.list,2021-03-25 01:26:27.935865,f1087010551e84829d4ad095
a.mouseflow.com,AVAILABILITY,domains.list,domains.list,2021-03-25 01:26:28.256138,f1087010551e84829d4ad095
a.netmng.com,AVAILABILITY,domains.list,domains.list,2021-03-25 01:26:28.692171,f1087010551e84829d4ad095
a.ns.inbox.lv,AVAILABILITY,domains.list,domains.list,2021-03-25 01:26:29.647433,f1087010551e84829d4ad095
a.oceansalive.org,AVAILABILITY,domains.list,domains.list,2021-03-25 01:26:35.211621,f1087010551e84829d4ad095
a.pokerplayermagazine.co.uk,AVAILABILITY,domains.list,domains.list,2021-03-25 01:26:35.810078,f1087010551e84829d4ad095
a.postrelease.com,AVAILABILITY,domains.list,domains.list,2021-03-25 01:26:36.226996,f1087010551e84829d4ad095
a.press24.mk,AVAILABILITY,domains.list,domains.list,2021-03-25 01:26:36.817768,f1087010551e84829d4ad095
a.remarketstats.com,AVAILABILITY,domains.list,domains.list,2021-03-25 01:26:37.102876,f1087010551e84829d4ad095
a.rfihub.com,AVAILABILITY,domains.list,domains.list,2021-03-25 01:26:37.384785,f1087010551e84829d4ad095
a.rmgserving.com,AVAILABILITY,domains.list,domains.list,2021-03-25 01:26:37.894356,f1087010551e84829d4ad095
a.rn11.com,AVAILABILITY,domains.list,domains.list,2021-03-25 01:26:40.001029,f1087010551e84829d4ad095
a.scorecardresearch.com,AVAILABILITY,domains.list,domains.list,2021-03-25 01:26:40.674470,f1087010551e84829d4ad095
a.shutterfly.com,AVAILABILITY,domains.list,domains.list,2021-03-25 01:26:41.199671,f1087010551e84829d4ad095
a.sou7.com,AVAILABILITY,domains.list,domains.list,2021-03-25 01:26:52.975237,f1087010551e84829d4ad095
a.teads.tv,AVAILABILITY,domains.list,domains.list,2021-03-25 01:26:53.492498,f1087010551e84829d4ad095
a.thanksearch.com,AVAILABILITY,domains.list,domains.list,2021-03-25 01:26:53.764479,f1087010551e84829d4ad095
a.tribalfusion.com,AVAILABILITY,domains.list,domains.list,2021-03-25 01:26:54.281675,f1087010551e84829d4ad095
a.trkme.net,AVAILABILITY,domains.list,domains.list,2021-03-25 01:26:54.679483,f1087010551e84829d4ad095
a.ucoz.net,AVAILABILITY,domains.list,domains.list,2021-03-25 01:27:06.001830,f1087010551e84829d4ad095
a.visualrevenue.com,AVAILABILITY,domains.list,domains.list,2021-03-25 01:27:06.450873,f1087010551e84829d4ad095
a.web-1000.com,AVAILABILITY,domains.list,domains.list,2021-03-25 01:27:06.921144,f1087010551e84829d4ad095
a.websponsors.com,AVAILABILITY,domains.list,domains.list,2021-03-25 01:27:07.244345,f1087010551e84829d4ad095
a.wikia-beacon.com,AVAILABILITY,domains.list,domains.list,2021-03-25 01:27:07.552862,f1087010551e84829d4ad095
a.wishabi.com,AVAILABILITY,domains.list,domains.list,2021-03-25 01:27:08.006617,f1087010551e84829d4ad095
a.zoot.ro,AVAILABILITY,domains.list,domains.list,2021-03-25 01:27:09.460924,f1087010551e84829d4ad095
aa.connextra.com,AVAILABILITY,domains.list,domains.list,2021-03-25 01:27:09.760052,f1087010551e84829d4ad095
aa.online-metrix.net,AVAILABILITY,domains.list,domains.list,2021-03-25 01:27:10.290891,f1087010551e84829d4ad095
aa.voice2page.com,AVAILABILITY,domains.list,domains.list,2021-03-25 01:27:10.571947,f1087010551e84829d4ad095
aaa.com.au,AVAILABILITY,domains.list,domains.list,2021-03-25 01:27:11.798697,f1087010551e84829d4ad095
aaabill.com,AVAILABILITY,domains.list,domains.list,2021-03-25 01:27:12.081096,f1087010551e84829d4ad095
a-a-access.com,AVAILABILITY,domains.list,domains.list,2021-03-25 01:27:12.356079,f1087010551e84829d4ad095
aacompliance.com,AVAILABILITY,domains.list,domains.list,2021-03-25 01:27:12.864006,f1087010551e84829d4ad095
aad73c550c.se,AVAILABILITY,domains.list,domains.list,2021-03-25 01:27:13.144702,f1087010551e84829d4ad095
aadcom.com,AVAILABILITY,domains.list,domains.list,2021-03-25 01:27:13.652748,f1087010551e84829d4ad095
aaddzz.com,AVAILABILITY,domains.list,domains.list,2021-03-25 01:27:13.919459,f1087010551e84829d4ad095
aafees.com,AVAILABILITY,domains.list,domains.list,2021-03-25 01:27:14.189331,f1087010551e84829d4ad095
aahtech.com,AVAILABILITY,domains.list,domains.list,2021-03-25 01:27:14.940096,f1087010551e84829d4ad095
aalbc.advertserve.com,AVAILABILITY,domains.list,domains.list,2021-03-25 01:27:15.267386,f1087010551e84829d4ad095
aamhi.com,AVAILABILITY,domains.list,domains.list,2021-03-25 01:27:15.533610,f1087010551e84829d4ad095
aaruka.com,AVAILABILITY,domains.list,domains.list,2021-03-25 01:27:15.798251,f1087010551e84829d4ad095
aautotrader.com,AVAILABILITY,domains.list,domains.list,2021-03-25 01:27:16.070509,f1087010551e84829d4ad095
aavalue.com,AVAILABILITY,domains.list,domains.list,2021-03-25 01:27:16.344662,f1087010551e84829d4ad095
aavc.com,AVAILABILITY,domains.list,domains.list,2021-03-25 01:27:16.618873,f1087010551e84829d4ad095
aavis.com,AVAILABILITY,domains.list,domains.list,2021-03-25 01:27:16.891823,f1087010551e84829d4ad095
aax.amazon-adsystem.com,AVAILABILITY,domains.list,domains.list,2021-03-25 01:27:17.255709,f1087010551e84829d4ad095
aax-eu.amazon-adsystem.com,AVAILABILITY,domains.list,domains.list,2021-03-25 01:27:17.525378,f1087010551e84829d4ad095
aax-us-east.amazon-adsystem.com,AVAILABILITY,domains.list,domains.list,2021-03-25 01:27:17.795223,f1087010551e84829d4ad095
aax-us-east-rtb.amazon-adsystem.com,AVAILABILITY,domains.list,domains.list,2021-03-25 01:27:18.138911,f1087010551e84829d4ad095
ab44aa.r.axf8.net,AVAILABILITY,domains.list,domains.list,2021-03-25 01:27:18.431272,f1087010551e84829d4ad095
ab159015.adbutler-zilon.com,AVAILABILITY,domains.list,domains.list,2021-03-25 01:27:18.773769,f1087010551e84829d4ad095
ab163949.adbutler-kaon.com,AVAILABILITY,domains.list,domains.list,2021-03-25 01:27:19.505805,f1087010551e84829d4ad095
ab.adpro.com.ua,AVAILABILITY,domains.list,domains.list,2021-03-25 01:27:24.289736,f1087010551e84829d4ad095
ab.adrecreate.com,AVAILABILITY,domains.list,domains.list,2021-03-25 01:27:24.569744,f1087010551e84829d4ad095
ab.advertiserurl.com,AVAILABILITY,domains.list,domains.list,2021-03-25 01:27:24.936504,f1087010551e84829d4ad095
abacus.geocities.com,AVAILABILITY,domains.list,domains.list,2021-03-25 01:27:25.472045,f1087010551e84829d4ad095
abacus.netster.com,AVAILABILITY,domains.list,domains.list,2021-03-25 01:27:25.747599,f1087010551e84829d4ad095
abbyssh.freestats.com,AVAILABILITY,domains.list,domains.list,2021-03-25 01:27:26.551396,f1087010551e84829d4ad095
abc.doublegear.com,AVAILABILITY,domains.list,domains.list,2021-03-25 01:27:27.152255,f1087010551e84829d4ad095
abcnewa.com,AVAILABILITY,domains.list,domains.list,2021-03-25 01:27:27.672289,f1087010551e84829d4ad095
abcno.nuggad.net,AVAILABILITY,domains.list,domains.list,2021-03-25 01:27:28.344914,f1087010551e84829d4ad095
abcporno.net,AVAILABILITY,domains.list,domains.list,2021-03-25 01:27:28.621435,f1087010551e84829d4ad095
abcstats.com,AVAILABILITY,domains.list,domains.list,2021-03-25 01:27:28.897931,f1087010551e84829d4ad095
abcways.com,AVAILABILITY,domains.list,domains.list,2021-03-25 01:27:29.164087,f1087010551e84829d4ad095
aberdeenrealtors.com,AVAILABILITY,domains.list,domains.list,2021-03-25 01:27:29.670674,f1087010551e84829d4ad095
abetterbanner.com,AVAILABILITY,domains.list,domains.list,2021-03-25 01:27:29.940819,f1087010551e84829d4ad095
abidjan.zzn.com,AVAILABILITY,domains.list,domains.list,2021-03-25 01:27:30.497740,f1087010551e84829d4ad095
abifaq.20m.com,AVAILABILITY,domains.list,domains.list,2021-03-25 01:27:30.844829,f1087010551e84829d4ad095
abitz.com,AVAILABILITY,domains.list,domains.list,2021-03-25 01:27:31.111343,f1087010551e84829d4ad095
able2know.us.intellitxt.com,AVAILABILITY,domains.list,domains.list,2021-03-25 01:27:31.534103,f1087010551e84829d4ad095
abnett.hypermart.net,AVAILABILITY,domains.list,domains.list,2021-03-25 01:27:32.061250,f1087010551e84829d4ad095
aboout.com,AVAILABILITY,domains.list,domains.list,2021-03-25 01:27:32.540134,f1087010551e84829d4ad095
abosearch.com,AVAILABILITY,domains.list,domains.list,2021-03-25 01:27:32.809897,f1087010551e84829d4ad095
abotv.com,AVAILABILITY,domains.list,domains.list,2021-03-25 01:27:33.077751,f1087010551e84829d4ad095
abou.com,AVAILABILITY,domains.list,domains.list,2021-03-25 01:27:33.356908,f1087010551e84829d4ad095
about.com,AVAILABILITY,domains.list,domains.list,2021-03-25 01:27:33.631979,f1087010551e84829d4ad095
about.netster.com,AVAILABILITY,domains.list,domains.list,2021-03-25 01:27:34.008376,f1087010551e84829d4ad095
aboutads.quantcast.com,AVAILABILITY,domains.list,domains.list,2021-03-25 01:27:34.518643,f1087010551e84829d4ad095
aboutmonitoring.com,AVAILABILITY,domains.list,domains.list,2021-03-25 01:27:34.791111,f1087010551e84829d4ad095
about-sexy.com,AVAILABILITY,domains.list,domains.list,2021-03-25 01:27:35.063825,f1087010551e84829d4ad095
aboutstat.com,AVAILABILITY,domains.list,domains.list,2021-03-25 01:27:35.330884,f1087010551e84829d4ad095
aboutwebservices.com,AVAILABILITY,domains.list,domains.list,2021-03-25 01:27:35.599504,f1087010551e84829d4ad095
above-gw.liveadvert.com,AVAILABILITY,domains.list,domains.list,2021-03-25 01:27:36.024980,f1087010551e84829d4ad095
abp.smartadcheck.de,AVAILABILITY,domains.list,domains.list,2021-03-25 01:27:36.390883,f1087010551e84829d4ad095
abrp.net,AVAILABILITY,domains.list,domains.list,2021-03-25 01:27:36.907974,f1087010551e84829d4ad095
abs.proxistore.com,AVAILABILITY,domains.list,domains.list,2021-03-25 01:27:37.430263,f1087010551e84829d4ad095
absl.thebiggestand.com,AVAILABILITY,domains.list,domains.list,2021-03-25 01:27:37.757743,f1087010551e84829d4ad095
absolutefreesmut.com,AVAILABILITY,domains.list,domains.list,2021-03-25 01:27:38.025697,f1087010551e84829d4ad095
absolutelyfreemovies.com,AVAILABILITY,domains.list,domains.list,2021-03-25 01:27:38.540514,f1087010551e84829d4ad095
absolutelyric.com,AVAILABILITY,domains.list,domains.list,2021-03-25 01:27:38.807649,f1087010551e84829d4ad095
abum.axelsfun.com,AVAILABILITY,domains.list,domains.list,2021-03-25 01:27:40.347337,f1087010551e84829d4ad095
abz.com,AVAILABILITY,domains.list,domains.list,2021-03-25 01:27:40.617498,f1087010551e84829d4ad095
ac9d98.r.axf8.net,AVAILABILITY,domains.list,domains.list,2021-03-25 01:27:40.925829,f1087010551e84829d4ad095
ac.adpro.com.ua,AVAILABILITY,domains.list,domains.list,2021-03-25 01:27:41.790943,f1087010551e84829d4ad095
ac.ajur.info,AVAILABILITY,domains.list,domains.list,2021-03-25 01:27:42.447447,f1087010551e84829d4ad095
ac.mmstat.com,AVAILABILITY,domains.list,domains.list,2021-03-25 01:27:43.032300,f1087010551e84829d4ad095
ac.realvu.net,AVAILABILITY,domains.list,domains.list,2021-03-25 01:27:43.422634,f1087010551e84829d4ad095
ac.ybinst0.ec.yimg.com,AVAILABILITY,domains.list,domains.list,2021-03-25 01:27:43.981740,f1087010551e84829d4ad095
ac.ybinst1.ec.yimg.com,AVAILABILITY,domains.list,domains.list,2021-03-25 01:27:44.593115,f1087010551e84829d4ad095
ac.ybinst2.ec.yimg.com,AVAILABILITY,domains.list,domains.list,2021-03-25 01:27:45.575153,f1087010551e84829d4ad095
ac.ybinst3.ec.yimg.com,AVAILABILITY,domains.list,domains.list,2021-03-25 01:27:47.506530,f1087010551e84829d4ad095
ac.ybinst4.ec.yimg.com,AVAILABILITY,domains.list,domains.list,2021-03-25 01:27:47.783385,f1087010551e84829d4ad095
ac.ybinst5.ec.yimg.com,AVAILABILITY,domains.list,domains.list,2021-03-25 01:27:48.923114,f1087010551e84829d4ad095
ac.ybinst6.ec.yimg.com,AVAILABILITY,domains.list,domains.list,2021-03-25 01:27:50.308825,f1087010551e84829d4ad095
ac.ybinst7.ec.yimg.com,AVAILABILITY,domains.list,domains.list,2021-03-25 01:27:50.647178,f1087010551e84829d4ad095
ac.ybinst8.ec.yimg.com,AVAILABILITY,domains.list,domains.list,2021-03-25 01:27:51.426601,f1087010551e84829d4ad095
ac.ybinst9.ec.yimg.com,AVAILABILITY,domains.list,domains.list,2021-03-25 01:27:52.190289,f1087010551e84829d4ad095
acbnews.com,AVAILABILITY,domains.list,domains.list,2021-03-25 01:27:52.459180,f1087010551e84829d4ad095
acc.adintelligence.net,AVAILABILITY,domains.list,domains.list,2021-03-25 01:27:52.813755,f1087010551e84829d4ad095
accelerationsw.com,AVAILABILITY,domains.list,domains.list,2021-03-25 01:27:53.090511,f1087010551e84829d4ad095
accerispartners.com,AVAILABILITY,domains.list,domains.list,2021-03-25 01:27:53.371745,f1087010551e84829d4ad095
acces-direct.net,AVAILABILITY,domains.list,domains.list,2021-03-25 01:27:53.642527,f1087010551e84829d4ad095
acceso.masminutos.com,AVAILABILITY,domains.list,domains.list,2021-03-25 01:27:53.989921,f1087010551e84829d4ad095
accesoplugin.com,AVAILABILITY,domains.list,domains.list,2021-03-25 01:27:54.271232,f1087010551e84829d4ad095
accesorapido.com,AVAILABILITY,domains.list,domains.list,2021-03-25 01:27:54.540027,f1087010551e84829d4ad095
access.gamesplayground.com,AVAILABILITY,domains.list,domains.list,2021-03-25 01:27:54.858489,f1087010551e84829d4ad095
access-free.com,AVAILABILITY,domains.list,domains.list,2021-03-25 01:27:55.369313,f1087010551e84829d4ad095
accessoryad.com,AVAILABILITY,domains.list,domains.list,2021-03-25 01:27:55.639916,f1087010551e84829d4ad095
accesstracking.com,AVAILABILITY,domains.list,domains.list,2021-03-25 01:27:55.906649,f1087010551e84829d4ad095
acckalaharinet.112.2o7.net,AVAILABILITY,domains.list,domains.list,2021-03-25 01:27:56.190311,f1087010551e84829d4ad095
accuserveadsystem.com,AVAILABILITY,domains.list,domains.list,2021-03-25 01:27:56.460970,f1087010551e84829d4ad095
accuweather.us.intellitxt.com,AVAILABILITY,domains.list,domains.list,2021-03-25 01:27:56.807483,f1087010551e84829d4ad095
acdn.adnxs.com,AVAILABILITY,domains.list,domains.list,2021-03-25 01:27:57.095081,f1087010551e84829d4ad095
ace.adoftheyear.com,AVAILABILITY,domains.list,domains.list,2021-03-25 01:27:57.443321,f1087010551e84829d4ad095
acegates.com,AVAILABILITY,domains.list,domains.list,2021-03-25 01:27:57.721474,f1087010551e84829d4ad095
acegroup.net,AVAILABILITY,domains.list,domains.list,2021-03-25 01:27:57.996443,f1087010551e84829d4ad095
acemedia.info,AVAILABILITY,domains.list,domains.list,2021-03-25 01:27:58.510877,f1087010551e84829d4ad095
acemedic.com,AVAILABILITY,domains.list,domains.list,2021-03-25 01:27:58.787375,f1087010551e84829d4ad095
aceshowbiz.us.intellitxt.com,AVAILABILITY,domains.list,domains.list,2021-03-25 01:27:59.123882,f1087010551e84829d4ad095
acestats.com,AVAILABILITY,domains.list,domains.list,2021-03-25 01:27:59.390066,f1087010551e84829d4ad095
ace-webmaster.com,AVAILABILITY,domains.list,domains.list,2021-03-25 01:27:59.902311,f1087010551e84829d4ad095
acezip.net,AVAILABILITY,domains.list,domains.list,2021-03-25 01:28:00.182274,f1087010551e84829d4ad095
achapeloflove.com,AVAILABILITY,domains.list,domains.list,2021-03-25 01:28:00.701528,f1087010551e84829d4ad095
achmedia.com,AVAILABILITY,domains.list,domains.list,2021-03-25 01:28:00.978522,f1087010551e84829d4ad095
achtungachtung.com,AVAILABILITY,domains.list,domains.list,2021-03-25 01:28:01.257124,f1087010551e84829d4ad095
acim.com,AVAILABILITY,domains.list,domains.list,2021-03-25 01:28:01.525006,f1087010551e84829d4ad095
acjp.com,AVAILABILITY,domains.list,domains.list,2021-03-25 01:28:01.804070,f1087010551e84829d4ad095
aclasscelebs.us.intellitxt.com,AVAILABILITY,domains.list,domains.list,2021-03-25 01:28:02.370920,f1087010551e84829d4ad095
aclickads.com,AVAILABILITY,domains.list,domains.list,2021-03-25 01:28:02.639783,f1087010551e84829d4ad095
aconti.de,AVAILABILITY,domains.list,domains.list,2021-03-25 01:28:03.571976,f1087010551e84829d4ad095
aconti.net,AVAILABILITY,domains.list,domains.list,2021-03-25 01:28:03.847952,f1087010551e84829d4ad095
acpmagazines.112.2o7.net,AVAILABILITY,domains.list,domains.list,2021-03-25 01:28:04.123371,f1087010551e84829d4ad095
action.mathtag.com,AVAILABILITY,domains.list,domains.list,2021-03-25 01:28:04.418074,f1087010551e84829d4ad095
action.media6degrees.com,AVAILABILITY,domains.list,domains.list,2021-03-25 01:28:06.230939,f1087010551e84829d4ad095
action.metaffiliation.com,AVAILABILITY,domains.list,domains.list,2021-03-25 01:28:06.509512,f1087010551e84829d4ad095
actionflash.com,AVAILABILITY,domains.list,domains.list,2021-03-25 01:28:06.777289,f1087010551e84829d4ad095
actionscript.us.intellitxt.com,AVAILABILITY,domains.list,domains.list,2021-03-25 01:28:07.222620,f1087010551e84829d4ad095
actionsplash.com,AVAILABILITY,domains.list,domains.list,2021-03-25 01:28:07.492175,f1087010551e84829d4ad095
activate.winsoftware.com,AVAILABILITY,domains.list,domains.list,2021-03-25 01:28:07.779450,f1087010551e84829d4ad095
active.cache.el-mundo.net,AVAILABILITY,domains.list,domains.list,2021-03-25 01:28:08.186948,f1087010551e84829d4ad095
active.com,AVAILABILITY,domains.list,domains.list,2021-03-25 01:28:08.457988,f1087010551e84829d4ad095
active.hit.stat24.com,AVAILABILITY,domains.list,domains.list,2021-03-25 01:28:12.520306,f1087010551e84829d4ad095
activeagent.at,AVAILABILITY,domains.list,domains.list,2021-03-25 01:28:14.037950,f1087010551e84829d4ad095
activeboard.com,AVAILABILITY,domains.list,domains.list,2021-03-25 01:28:14.552563,f1087010551e84829d4ad095
activebuddy.com,AVAILABILITY,domains.list,domains.list,2021-03-25 01:28:14.834105,f1087010551e84829d4ad095
activeby.hit.gemius.pl,AVAILABILITY,domains.list,domains.list,2021-03-25 01:28:16.914629,f1087010551e84829d4ad095
activewin.us.intellitxt.com,AVAILABILITY,domains.list,domains.list,2021-03-25 01:28:17.637827,f1087010551e84829d4ad095
activex.matcash.com,AVAILABILITY,domains.list,domains.list,2021-03-25 01:28:17.964203,f1087010551e84829d4ad095
activexmediaobject.com,AVAILABILITY,domains.list,domains.list,2021-03-25 01:28:18.231412,f1087010551e84829d4ad095
activity.serving-sys.com,AVAILABILITY,domains.list,domains.list,2021-03-25 01:28:18.785347,f1087010551e84829d4ad095
activityrecorder.com,AVAILABILITY,domains.list,domains.list,2021-03-25 01:28:19.056803,f1087010551e84829d4ad095
actressmodels.com,AVAILABILITY,domains.list,domains.list,2021-03-25 01:28:19.335775,f1087010551e84829d4ad095
actualite-de-stars.fr.intellitxt.com,AVAILABILITY,domains.list,domains.list,2021-03-25 01:28:19.685494,f1087010551e84829d4ad095
actualnames.com,AVAILABILITY,domains.list,domains.list,2021-03-25 01:28:19.955787,f1087010551e84829d4ad095
actualresearch.com,AVAILABILITY,domains.list,domains.list,2021-03-25 01:28:20.224411,f1087010551e84829d4ad095
actualsearch.com,AVAILABILITY,domains.list,domains.list,2021-03-25 01:28:20.498149,f1087010551e84829d4ad095
actvtrack.com,AVAILABILITY,domains.list,domains.list,2021-03-25 01:28:20.777966,f1087010551e84829d4ad095
acuityplatform.com,AVAILABILITY,domains.list,domains.list,2021-03-25 01:28:21.045633,f1087010551e84829d4ad095
acustat.com,AVAILABILITY,domains.list,domains.list,2021-03-25 01:28:21.327487,f1087010551e84829d4ad095
acxiom.com,AVAILABILITY,domains.list,domains.list,2021-03-25 01:28:21.598711,f1087010551e84829d4ad095
ad0.bigmir.net,AVAILABILITY,domains.list,domains.list,2021-03-25 01:28:29.873777,f1087010551e84829d4ad095
ad00.paycount.com,AVAILABILITY,domains.list,domains.list,2021-03-25 01:28:31.696668,f1087010551e84829d4ad095
ad0.paycount.com,AVAILABILITY,domains.list,domains.list,2021-03-25 01:28:32.076724,f1087010551e84829d4ad095
ad00.popupad.net,AVAILABILITY,domains.list,domains.list,2021-03-25 01:28:32.356817,f1087010551e84829d4ad095
ad0.popupad.net,AVAILABILITY,domains.list,domains.list,2021-03-25 01:28:32.635305,f1087010551e84829d4ad095
ad1.adfarm1.adition.com,AVAILABILITY,domains.list,domains.list,2021-03-25 01:28:32.913463,f1087010551e84829d4ad095
ad1.adfun.ru,AVAILABILITY,domains.list,domains.list,2021-03-25 01:28:33.379334,f1087010551e84829d4ad095
ad1.adtitan.net,AVAILABILITY,domains.list,domains.list,2021-03-25 01:28:33.748757,f1087010551e84829d4ad095
ad01.advertise.com,AVAILABILITY,domains.list,domains.list,2021-03-25 01:28:34.040845,f1087010551e84829d4ad095
ad1.advertsoft.com,AVAILABILITY,domains.list,domains.list,2021-03-25 01:28:34.384106,f1087010551e84829d4ad095
ad1.bannerbank.ru,AVAILABILITY,domains.list,domains.list,2021-03-25 01:28:37.172568,f1087010551e84829d4ad095
ad1.bb.ru,AVAILABILITY,domains.list,domains.list,2021-03-25 01:28:37.583219,f1087010551e84829d4ad095
ad1.bigmir.net,AVAILABILITY,domains.list,domains.list,2021-03-25 01:28:44.350370,f1087010551e84829d4ad095
ad1.dmcmedia.co.kr,AVAILABILITY,domains.list,domains.list,2021-03-25 01:28:45.884283,f1087010551e84829d4ad095
ad1.doubleclick.be,AVAILABILITY,domains.list,domains.list,2021-03-25 01:29:14.741714,f1087010551e84829d4ad095
ad1.emediate.dk,AVAILABILITY,domains.list,domains.list,2021-03-25 01:29:15.754873,f1087010551e84829d4ad095
ad01.focalink.com,AVAILABILITY,domains.list,domains.list,2021-03-25 01:29:16.842929,f1087010551e84829d4ad095
ad1.icorp.net,AVAILABILITY,domains.list,domains.list,2021-03-25 01:29:18.530774,f1087010551e84829d4ad095
ad1.impulsebuy.net,AVAILABILITY,domains.list,domains.list,2021-03-25 01:29:18.807079,f1087010551e84829d4ad095
ad1.kde.cz,AVAILABILITY,domains.list,domains.list,2021-03-25 01:29:19.379742,f1087010551e84829d4ad095
ad1.logger.co.kr,AVAILABILITY,domains.list,domains.list,2021-03-25 01:29:21.629028,f1087010551e84829d4ad095
ad1.nozonedata.com,AVAILABILITY,domains.list,domains.list,2021-03-25 01:29:22.633002,f1087010551e84829d4ad095
ad01.paycount.com,AVAILABILITY,domains.list,domains.list,2021-03-25 01:29:22.944034,f1087010551e84829d4ad095
ad1.paycount.com,AVAILABILITY,domains.list,domains.list,2021-03-25 01:29:23.314044,f1087010551e84829d4ad095
ad1.popupad.net,AVAILABILITY,domains.list,domains.list,2021-03-25 01:29:23.592373,f1087010551e84829d4ad095
ad01.popupad.net,AVAILABILITY,domains.list,domains.list,2021-03-25 01:29:23.881363,f1087010551e84829d4ad095
ad1.searchmiracle.com,AVAILABILITY,domains.list,domains.list,2021-03-25 01:29:24.525781,f1087010551e84829d4ad095
ad1.speedbit.com,AVAILABILITY,domains.list,domains.list,2021-03-25 01:29:24.935534,f1087010551e84829d4ad095
ad01.tmgrup.com.tr,AVAILABILITY,domains.list,domains.list,2021-03-25 01:29:25.726489,f1087010551e84829d4ad095
ad1.virtualave.com,AVAILABILITY,domains.list,domains.list,2021-03-25 01:29:26.103848,f1087010551e84829d4ad095
ad2.adfarm1.adition.com,AVAILABILITY,domains.list,domains.list,2021-03-25 01:29:26.877419,f1087010551e84829d4ad095
ad2.adfun.ru,AVAILABILITY,domains.list,domains.list,2021-03-25 01:29:27.260107,f1087010551e84829d4ad095
ad2.adnetinteractive.com,AVAILABILITY,domains.list,domains.list,2021-03-25 01:29:28.261128,f1087010551e84829d4ad095
ad2.adnetwork.net,AVAILABILITY,domains.list,domains.list,2021-03-25 01:29:28.624057,f1087010551e84829d4ad095
ad2.advertsoft.com,AVAILABILITY,domains.list,domains.list,2021-03-25 01:29:29.066880,f1087010551e84829d4ad095
ad2.allbanners.ru,AVAILABILITY,domains.list,domains.list,2021-03-25 01:29:30.294790,f1087010551e84829d4ad095
ad2.bal.dotandad.com,AVAILABILITY,domains.list,domains.list,2021-03-25 01:29:30.669938,f1087010551e84829d4ad095
ad2.bannerbank.ru,AVAILABILITY,domains.list,domains.list,2021-03-25 01:29:31.168280,f1087010551e84829d4ad095
ad2.bannerhost.ru,AVAILABILITY,domains.list,domains.list,2021-03-25 01:29:32.088909,f1087010551e84829d4ad095
ad2.bb.ru,AVAILABILITY,domains.list,domains.list,2021-03-25 01:29:33.296387,f1087010551e84829d4ad095
ad2.dmpi.net,AVAILABILITY,domains.list,domains.list,2021-03-25 01:29:33.577802,f1087010551e84829d4ad095
ad2.doubleclick.be,AVAILABILITY,domains.list,domains.list,2021-03-25 01:29:52.300529,f1087010551e84829d4ad095
ad2.doubleclick.net,AVAILABILITY,domains.list,domains.list,2021-03-25 01:29:52.633246,f1087010551e84829d4ad095
ad02.focalink.com,AVAILABILITY,domains.list,domains.list,2021-03-25 01:29:53.543901,f1087010551e84829d4ad095
ad2.gammae.com,AVAILABILITY,domains.list,domains.list,2021-03-25 01:29:54.074060,f1087010551e84829d4ad095
ad2.ireklama.cz,AVAILABILITY,domains.list,domains.list,2021-03-25 01:29:56.938653,f1087010551e84829d4ad095
ad2.paycount.com,AVAILABILITY,domains.list,domains.list,2021-03-25 01:29:58.099113,f1087010551e84829d4ad095
ad2.popupad.net,AVAILABILITY,domains.list,domains.list,2021-03-25 01:29:58.379653,f1087010551e84829d4ad095
ad2.speedbit.com,AVAILABILITY,domains.list,domains.list,2021-03-25 01:29:58.910674,f1087010551e84829d4ad095
ad2.turn.com,AVAILABILITY,domains.list,domains.list,2021-03-25 01:29:59.259071,f1087010551e84829d4ad095
ad2.vuiads.net,AVAILABILITY,domains.list,domains.list,2021-03-25 01:30:12.474583,f1087010551e84829d4ad095
ad2.yam.com,AVAILABILITY,domains.list,domains.list,2021-03-25 01:30:12.758458,f1087010551e84829d4ad095
ad2.yam.com.tw,AVAILABILITY,domains.list,domains.list,2021-03-25 01:30:13.227928,f1087010551e84829d4ad095
ad2games.com,AVAILABILITY,domains.list,domains.list,2021-03-25 01:30:13.500327,f1087010551e84829d4ad095
ad2win.com,AVAILABILITY,domains.list,domains.list,2021-03-25 01:30:13.987645,f1087010551e84829d4ad095
ad3.adfarm1.adition.com,AVAILABILITY,domains.list,domains.list,2021-03-25 01:30:14.272992,f1087010551e84829d4ad095
ad3.adfun.ru,AVAILABILITY,domains.list,domains.list,2021-03-25 01:30:14.869241,f1087010551e84829d4ad095
ad3.allbanners.ru,AVAILABILITY,domains.list,domains.list,2021-03-25 01:30:19.038228,f1087010551e84829d4ad095
ad3.bannerbank.ru,AVAILABILITY,domains.list,domains.list,2021-03-25 01:30:20.348961,f1087010551e84829d4ad095
ad3.bb.ru,AVAILABILITY,domains.list,domains.list,2021-03-25 01:30:20.765090,f1087010551e84829d4ad095
ad3.depositfiles.com,AVAILABILITY,domains.list,domains.list,2021-03-25 01:30:21.311886,f1087010551e84829d4ad095
ad3.dmpi.net,AVAILABILITY,domains.list,domains.list,2021-03-25 01:30:21.703788,f1087010551e84829d4ad095
ad3.doubleclick.be,AVAILABILITY,domains.list,domains.list,2021-03-25 01:31:05.659741,f1087010551e84829d4ad095
ad03.focalink.com,AVAILABILITY,domains.list,domains.list,2021-03-25 01:31:06.436608,f1087010551e84829d4ad095
ad3.linkbucks.com,AVAILABILITY,domains.list,domains.list,2021-03-25 01:31:08.021595,f1087010551e84829d4ad095
ad03.paycount.com,AVAILABILITY,domains.list,domains.list,2021-03-25 01:31:08.497634,f1087010551e84829d4ad095
ad3.paycount.com,AVAILABILITY,domains.list,domains.list,2021-03-25 01:31:08.819497,f1087010551e84829d4ad095
ad03.popupad.net,AVAILABILITY,domains.list,domains.list,2021-03-25 01:31:09.113308,f1087010551e84829d4ad095
ad3.popupad.net,AVAILABILITY,domains.list,domains.list,2021-03-25 01:31:09.393996,f1087010551e84829d4ad095
ad3.sina.com.cn,AVAILABILITY,domains.list,domains.list,2021-03-25 01:31:11.066194,f1087010551e84829d4ad095
ad3.speedbit.com,AVAILABILITY,domains.list,domains.list,2021-03-25 01:31:11.497758,f1087010551e84829d4ad095
ad4.adfarm1.adition.com,AVAILABILITY,domains.list,domains.list,2021-03-25 01:31:11.773605,f1087010551e84829d4ad095
ad4.adfun.ru,AVAILABILITY,domains.list,domains.list,2021-03-25 01:31:12.852021,f1087010551e84829d4ad095
ad4.bannerbank.ru,AVAILABILITY,domains.list,domains.list,2021-03-25 01:31:13.417946,f1087010551e84829d4ad095
ad4.bb.ru,AVAILABILITY,domains.list,domains.list,2021-03-25 01:31:14.276604,f1087010551e84829d4ad095
ad4.bigmir.net,AVAILABILITY,domains.list,domains.list,2021-03-25 01:31:21.987443,f1087010551e84829d4ad095
ad4.dmpi.net,AVAILABILITY,domains.list,domains.list,2021-03-25 01:31:22.268339,f1087010551e84829d4ad095
ad4.doubleclick.be,AVAILABILITY,domains.list,domains.list,2021-03-25 01:31:51.062459,f1087010551e84829d4ad095
ad4.enet.com.cn,AVAILABILITY,domains.list,domains.list,2021-03-25 01:31:53.084698,f1087010551e84829d4ad095
ad04.focalink.com,AVAILABILITY,domains.list,domains.list,2021-03-25 01:31:53.928997,f1087010551e84829d4ad095
ad4.gueb.com,AVAILABILITY,domains.list,domains.list,2021-03-25 01:31:54.931896,f1087010551e84829d4ad095
ad04.paycount.com,AVAILABILITY,domains.list,domains.list,2021-03-25 01:31:56.480599,f1087010551e84829d4ad095
ad4.paycount.com,AVAILABILITY,domains.list,domains.list,2021-03-25 01:31:56.828601,f1087010551e84829d4ad095
ad04.popupad.net,AVAILABILITY,domains.list,domains.list,2021-03-25 01:31:57.127209,f1087010551e84829d4ad095
ad4.popupad.net,AVAILABILITY,domains.list,domains.list,2021-03-25 01:31:57.465625,f1087010551e84829d4ad095
ad4.sina.com.cn,AVAILABILITY,domains.list,domains.list,2021-03-25 01:32:00.295428,f1087010551e84829d4ad095
ad4.speedbit.com,AVAILABILITY,domains.list,domains.list,2021-03-25 01:32:00.671041,f1087010551e84829d4ad095
ad4ever.com,AVAILABILITY,domains.list,domains.list,2021-03-25 01:32:00.941239,f1087010551e84829d4ad095
ad4mat.de,AVAILABILITY,domains.list,domains.list,2021-03-25 01:32:01.578844,f1087010551e84829d4ad095
ad5.bannerbank.ru,AVAILABILITY,domains.list,domains.list,2021-03-25 01:32:02.265534,f1087010551e84829d4ad095
ad5.bb.ru,AVAILABILITY,domains.list,domains.list,2021-03-25 01:32:03.441981,f1087010551e84829d4ad095
ad5.bigmir.net,AVAILABILITY,domains.list,domains.list,2021-03-25 01:32:04.243137,f1087010551e84829d4ad095
ad5.doubleclick.be,AVAILABILITY,domains.list,domains.list,2021-03-25 01:32:15.324511,f1087010551e84829d4ad095
ad05.focalink.com,AVAILABILITY,domains.list,domains.list,2021-03-25 01:32:16.097607,f1087010551e84829d4ad095
ad05.paycount.com,AVAILABILITY,domains.list,domains.list,2021-03-25 01:32:17.838549,f1087010551e84829d4ad095
ad5.paycount.com,AVAILABILITY,domains.list,domains.list,2021-03-25 01:32:18.195537,f1087010551e84829d4ad095
ad05.popupad.net,AVAILABILITY,domains.list,domains.list,2021-03-25 01:32:18.476783,f1087010551e84829d4ad095
ad5.popupad.net,AVAILABILITY,domains.list,domains.list,2021-03-25 01:32:18.761287,f1087010551e84829d4ad095
ad5.speedbit.com,AVAILABILITY,domains.list,domains.list,2021-03-25 01:32:19.089529,f1087010551e84829d4ad095
ad6.bannerbank.ru,AVAILABILITY,domains.list,domains.list,2021-03-25 01:32:20.503916,f1087010551e84829d4ad095
ad6.bb.ru,AVAILABILITY,domains.list,domains.list,2021-03-25 01:32:21.269611,f1087010551e84829d4ad095
ad6.bigmir.net,AVAILABILITY,domains.list,domains.list,2021-03-25 01:32:26.811313,f1087010551e84829d4ad095
ad6.doubleclick.be,AVAILABILITY,domains.list,domains.list,2021-03-25 01:32:54.768260,f1087010551e84829d4ad095
ad06.focalink.com,AVAILABILITY,domains.list,domains.list,2021-03-25 01:32:55.558267,f1087010551e84829d4ad095
ad6.paycount.com,AVAILABILITY,domains.list,domains.list,2021-03-25 01:32:56.894951,f1087010551e84829d4ad095
ad06.paycount.com,AVAILABILITY,domains.list,domains.list,2021-03-25 01:32:57.296415,f1087010551e84829d4ad095
ad06.popupad.net,AVAILABILITY,domains.list,domains.list,2021-03-25 01:32:57.581021,f1087010551e84829d4ad095
ad6.popupad.net,AVAILABILITY,domains.list,domains.list,2021-03-25 01:32:57.863856,f1087010551e84829d4ad095
ad6.sonata.com,AVAILABILITY,domains.list,domains.list,2021-03-25 01:32:58.273439,f1087010551e84829d4ad095
ad6.speedbit.com,AVAILABILITY,domains.list,domains.list,2021-03-25 01:32:58.709209,f1087010551e84829d4ad095
ad7.bannerbank.ru,AVAILABILITY,domains.list,domains.list,2021-03-25 01:32:59.249477,f1087010551e84829d4ad095
ad7.bb.ru,AVAILABILITY,domains.list,domains.list,2021-03-25 01:32:59.661183,f1087010551e84829d4ad095
ad7.bigmir.net,AVAILABILITY,domains.list,domains.list,2021-03-25 01:33:01.802005,f1087010551e84829d4ad095
ad7.doubleclick.be,AVAILABILITY,domains.list,domains.list,2021-03-25 01:33:24.064947,f1087010551e84829d4ad095
ad07.focalink.com,AVAILABILITY,domains.list,domains.list,2021-03-25 01:33:24.846285,f1087010551e84829d4ad095
ad7.gueb.com,AVAILABILITY,domains.list,domains.list,2021-03-25 01:33:25.617467,f1087010551e84829d4ad095
ad07.paycount.com,AVAILABILITY,domains.list,domains.list,2021-03-25 01:33:26.934860,f1087010551e84829d4ad095
ad7.paycount.com,AVAILABILITY,domains.list,domains.list,2021-03-25 01:33:27.335857,f1087010551e84829d4ad095
ad7.popupad.net,AVAILABILITY,domains.list,domains.list,2021-03-25 01:33:27.613743,f1087010551e84829d4ad095
ad07.popupad.net,AVAILABILITY,domains.list,domains.list,2021-03-25 01:33:27.894722,f1087010551e84829d4ad095
ad7.speedbit.com,AVAILABILITY,domains.list,domains.list,2021-03-25 01:33:28.285885,f1087010551e84829d4ad095
ad8.allbanners.ru,AVAILABILITY,domains.list,domains.list,2021-03-25 01:33:29.194758,f1087010551e84829d4ad095
ad8.bannerbank.ru,AVAILABILITY,domains.list,domains.list,2021-03-25 01:33:29.929230,f1087010551e84829d4ad095
ad8.bb.ru,AVAILABILITY,domains.list,domains.list,2021-03-25 01:33:30.336718,f1087010551e84829d4ad095
ad08.focalink.com,AVAILABILITY,domains.list,domains.list,2021-03-25 01:33:31.108918,f1087010551e84829d4ad095
ad8.paycount.com,AVAILABILITY,domains.list,domains.list,2021-03-25 01:33:32.693749,f1087010551e84829d4ad095
ad08.paycount.com,AVAILABILITY,domains.list,domains.list,2021-03-25 01:33:33.035224,f1087010551e84829d4ad095
ad08.popupad.net,AVAILABILITY,domains.list,domains.list,2021-03-25 01:33:33.318268,f1087010551e84829d4ad095
ad8.popupad.net,AVAILABILITY,domains.list,domains.list,2021-03-25 01:33:33.602249,f1087010551e84829d4ad095
ad8.speedbit.com,AVAILABILITY,domains.list,domains.list,2021-03-25 01:33:33.963242,f1087010551e84829d4ad095
ad9.bannerbank.ru,AVAILABILITY,domains.list,domains.list,2021-03-25 01:33:34.516716,f1087010551e84829d4ad095
ad9.bb.ru,AVAILABILITY,domains.list,domains.list,2021-03-25 01:33:35.600817,f1087010551e84829d4ad095
ad9.doubleclick.be,AVAILABILITY,domains.list,domains.list,2021-03-25 01:34:16.481931,f1087010551e84829d4ad095
ad09.focalink.com,AVAILABILITY,domains.list,domains.list,2021-03-25 01:34:17.324324,f1087010551e84829d4ad095
ad9.paycount.com,AVAILABILITY,domains.list,domains.list,2021-03-25 01:34:18.715142,f1087010551e84829d4ad095
ad09.paycount.com,AVAILABILITY,domains.list,domains.list,2021-03-25 01:34:19.090571,f1087010551e84829d4ad095
ad09.popupad.net,AVAILABILITY,domains.list,domains.list,2021-03-25 01:34:19.369635,f1087010551e84829d4ad095
ad9.popupad.net,AVAILABILITY,domains.list,domains.list,2021-03-25 01:34:19.647624,f1087010551e84829d4ad095
ad9.speedbit.com,AVAILABILITY,domains.list,domains.list,2021-03-25 01:34:19.964408,f1087010551e84829d4ad095
ad10.bannerbank.ru,AVAILABILITY,domains.list,domains.list,2021-03-25 01:34:20.500582,f1087010551e84829d4ad095
ad10.doubleclick.be,AVAILABILITY,domains.list,domains.list,2021-03-25 01:34:36.650271,f1087010551e84829d4ad095
ad10.focalink.com,AVAILABILITY,domains.list,domains.list,2021-03-25 01:34:37.390568,f1087010551e84829d4ad095
ad10.paycount.com,AVAILABILITY,domains.list,domains.list,2021-03-25 01:34:38.277981,f1087010551e84829d4ad095
ad10.play3.de,AVAILABILITY,domains.list,domains.list,2021-03-25 01:34:38.655963,f1087010551e84829d4ad095
ad10.popupad.net,AVAILABILITY,domains.list,domains.list,2021-03-25 01:34:38.935850,f1087010551e84829d4ad095
ad10.speedbit.com,AVAILABILITY,domains.list,domains.list,2021-03-25 01:34:39.276028,f1087010551e84829d4ad095
ad11.adfarm1.adition.com,AVAILABILITY,domains.list,domains.list,2021-03-25 01:34:39.562847,f1087010551e84829d4ad095
ad11.bannerbank.ru,AVAILABILITY,domains.list,domains.list,2021-03-25 01:34:41.001512,f1087010551e84829d4ad095
ad11.doubleclick.be,AVAILABILITY,domains.list,domains.list,2021-03-25 01:35:13.650620,f1087010551e84829d4ad095
ad11.focalink.com,AVAILABILITY,domains.list,domains.list,2021-03-25 01:35:14.251914,f1087010551e84829d4ad095
ad11.paycount.com,AVAILABILITY,domains.list,domains.list,2021-03-25 01:35:15.320448,f1087010551e84829d4ad095
ad11.popupad.net,AVAILABILITY,domains.list,domains.list,2021-03-25 01:35:15.600428,f1087010551e84829d4ad095
ad12.bannerbank.ru,AVAILABILITY,domains.list,domains.list,2021-03-25 01:35:16.155021,f1087010551e84829d4ad095
ad12.doubleclick.be,AVAILABILITY,domains.list,domains.list,2021-03-25 01:35:36.365758,f1087010551e84829d4ad095
ad12.focalink.com,AVAILABILITY,domains.list,domains.list,2021-03-25 01:35:36.964533,f1087010551e84829d4ad095
ad12.paycount.com,AVAILABILITY,domains.list,domains.list,2021-03-25 01:35:37.809205,f1087010551e84829d4ad095
ad12.popupad.net,AVAILABILITY,domains.list,domains.list,2021-03-25 01:35:38.091844,f1087010551e84829d4ad095
ad13.bannerbank.ru,AVAILABILITY,domains.list,domains.list,2021-03-25 01:35:38.743785,f1087010551e84829d4ad095
ad13.doubleclick.be,AVAILABILITY,domains.list,domains.list,2021-03-25 01:35:56.303715,f1087010551e84829d4ad095
ad13.focalink.com,AVAILABILITY,domains.list,domains.list,2021-03-25 01:35:56.836165,f1087010551e84829d4ad095
ad13.paycount.com,AVAILABILITY,domains.list,domains.list,2021-03-25 01:35:57.667440,f1087010551e84829d4ad095
ad13.popupad.net,AVAILABILITY,domains.list,domains.list,2021-03-25 01:35:57.944255,f1087010551e84829d4ad095
ad14.bannerbank.ru,AVAILABILITY,domains.list,domains.list,2021-03-25 01:35:59.093307,f1087010551e84829d4ad095
ad14.doubleclick.be,AVAILABILITY,domains.list,domains.list,2021-03-25 01:36:11.972992,f1087010551e84829d4ad095
ad14.focalink.com,AVAILABILITY,domains.list,domains.list,2021-03-25 01:36:12.637715,f1087010551e84829d4ad095
ad14.paycount.com,AVAILABILITY,domains.list,domains.list,2021-03-25 01:36:13.522074,f1087010551e84829d4ad095
ad14.popupad.net,AVAILABILITY,domains.list,domains.list,2021-03-25 01:36:13.800831,f1087010551e84829d4ad095
ad15.bannerbank.ru,AVAILABILITY,domains.list,domains.list,2021-03-25 01:36:14.345780,f1087010551e84829d4ad095
ad15.doubleclick.be,AVAILABILITY,domains.list,domains.list,2021-03-25 01:36:28.425906,f1087010551e84829d4ad095
ad15.focalink.com,AVAILABILITY,domains.list,domains.list,2021-03-25 01:36:29.020538,f1087010551e84829d4ad095
ad15.paycount.com,AVAILABILITY,domains.list,domains.list,2021-03-25 01:36:30.013084,f1087010551e84829d4ad095
ad15.popupad.net,AVAILABILITY,domains.list,domains.list,2021-03-25 01:36:30.314298,f1087010551e84829d4ad095
ad16.bannerbank.ru,AVAILABILITY,domains.list,domains.list,2021-03-25 01:36:30.921603,f1087010551e84829d4ad095
ad16.bb.ru,AVAILABILITY,domains.list,domains.list,2021-03-25 01:36:32.012692,f1087010551e84829d4ad095
ad16.focalink.com,AVAILABILITY,domains.list,domains.list,2021-03-25 01:36:32.540663,f1087010551e84829d4ad095
ad16.paycount.com,AVAILABILITY,domains.list,domains.list,2021-03-25 01:36:33.371974,f1087010551e84829d4ad095
ad16.popupad.net,AVAILABILITY,domains.list,domains.list,2021-03-25 01:36:33.725115,f1087010551e84829d4ad095
ad17.bannerbank.ru,AVAILABILITY,domains.list,domains.list,2021-03-25 01:36:34.131158,f1087010551e84829d4ad095
ad17.doubleclick.be,AVAILABILITY,domains.list,domains.list,2021-03-25 01:36:54.207988,f1087010551e84829d4ad095
